l1,token,token_clean,uni_lemma,category,growth_rate_p,median_aoa_p,growth_rate_u,median_aoa_u
es,tutú,tutú,choo choo,sounds,0.1294063992900105,26.194131789998377,0.23716919261972239,18.942484521684282
es,quiquiriquí,quiquiriquí,cockadoodledoo,sounds,0.15903180166060443,28.349361880359112,0.2638354818908758,18.132186285265718
es,¡pum!,pum,bang bang,sounds,0.13996745826291698,23.459732717476417,0.1804360415480531,17.4451327165715
es,pipí,pipí,honk honk,sounds,0.2828276710093652,18.11450173935499,0.26379384280777957,14.366811360381265
es,pío pío,pío pío,tweet tweet,sounds,0.194521422387116,20.967501812374174,0.2981200671164559,14.865052360769685
es,muu,muu,moo,sounds,0.16693305567106564,21.71440383445393,0.22505485938242833,17.13038375105759
es,miau,miau,meow,sounds,0.21315369334746911,18.648988239478307,0.2331866784930224,12.9633258256968
es,guaguá,guaguá,woof woof,sounds,0.3075846587975935,14.275596492703901,0.33594748672014485,9.654378999947392
es,cuacuá,cuacuá,quack quack,sounds,0.14357541875138397,23.846890272612516,0.2208068998174677,16.78822263822652
es,¡am!,am,yum yum,sounds,0.06423092217219607,15.409821844480334,0.09559222501648548,5.879050277422999
es,¡ay!,ay,ouch,sounds,0.17328536052979923,14.058815829212554,0.19997274789677638,8.869377862120974
es,víbora,víbora,snake,animals,0.23657700353059738,29.60229265578705,,
es,venado,venado,deer,animals,0.15441965063565155,34.46318850783407,0.4330603167999999,20.452430055900162
es,vaca,vaca,cow,animals,0.23474904898658863,22.372792764766192,0.27655551629116065,17.32907794935022
es,tortuga,tortuga,turtle,animals,0.1875305661164412,28.323575488198436,0.36080559500536485,19.872571736362364
es,tigre,tigre,tiger,animals,0.17412063940712355,30.26812284242503,0.42596329539069255,19.779810502978844
es,ratón,ratón,mouse,animals,0.2233522688445274,25.433431875656957,0.3602974912562333,19.111886174234428
es,rana,rana,frog,animals,0.20151619137103885,27.268569323761625,0.3112394351704186,19.96966527842418
es,puerco,puerco,pig,animals,0.176443590872371,28.94348600496278,0.3303282896425803,19.124218817092054
es,pollito,pollito,chick,animals,0.19048850851134028,23.33912660523901,0.30303242073218895,15.786983124869787
es,pingüino,pingüino,penguin,animals,0.1655310056218493,33.663601532375125,0.4195731414742126,20.687439771981627
es,pescado,pescado,fish (animal),animals,0.2132652937839441,26.335819641184415,0.3383668865022123,19.256650928186332
es,perro,perro,dog,animals,0.20901068086896712,18.056370176521835,0.3010052152454792,9.684638050615359
es,pato,pato,duck,animals,0.22589088876197103,21.812300854352273,0.26848186824267556,17.596621082593888
es,pájaro,pájaro,bird,animals,0.1932158658416606,23.214717449458885,0.22401013343696988,14.765818916017361
es,oso,oso,bear,animals,0.23656303779064775,22.646817119771065,0.21144909182771948,20.263843473552807
es,mosco,mosco,mosquito,animals,0.1752175645178529,29.1375330922836,,
es,mosca,mosca,fly (animal),animals,0.22031020353694808,24.499907785689942,0.3208045550359836,17.22910027894432
es,mono,mono,monkey,animals,0.19265265786833585,26.05300378481242,0.3484834732212658,20.008007807211424
es,mariposa,mariposa,butterfly,animals,0.2139820492130289,27.17553010015428,0.3409641776673584,19.11177345038196
es,lobo,lobo,wolf,animals,0.1806154043849107,28.885678710396444,0.4675140651232096,19.254948584347247
es,león,león,lion,animals,0.2256919549239283,25.557181574028476,0.32632433998121835,19.287938741112647
es,jirafa,jirafa,giraffe,animals,0.20348102610286764,28.86039196326121,0.46159400513664334,19.981454254752848
es,hormiga,hormiga,ant,animals,0.21893549561192793,25.510181756895857,0.3530096025536675,18.151485574892178
es,hipopótamo,hipopótamo,hippopotamus,animals,0.1664974351186192,34.02617271468513,0.3981198710127193,21.11049808961964
es,guajolote,guajolote,turkey,animals,0.1277256582167891,38.06539003699905,0.36528587443794286,20.900182586042344
es,gato,gato,cat,animals,0.2548066806426737,19.741296545351148,0.2299311589518076,13.352939549294128
es,ganso,ganso,goose,animals,0.1290386746545429,36.76989552453274,,
es,gallina,gallina,hen,animals,0.20345703352901262,25.03068477153659,0.2637554763989096,17.987003147959047
es,foca,foca,seal (animal),animals,0.1747757992895424,29.569473175445353,,
es,elefante,elefante,elephant,animals,0.2559891419965937,24.798858850398492,0.28946627243201073,20.580797020795607
es,conejo,conejo,bunny,animals,0.2219909870877799,25.08355164219316,0.26505057282518024,19.28568085359112
es,cocodrilo,cocodrilo,crocodile,animals,0.19136978249501238,31.218534748997058,,
es,cebra,cebra,zebra,animals,0.14636558910072878,35.800215636470945,,
es,caballo,caballo,horse,animals,0.2538364990460396,21.0017220196193,0.26837269889821136,15.80923859779979
es,burro,burro,donkey,animals,0.19435226645926595,25.51316322128286,0.32281691961747705,18.34019300829384
es,búho,búho,owl,animals,0.15852302117824946,32.00409512259685,0.32338588580652655,21.42736194573557
es,buey,buey,ox,animals,0.11153677277839696,35.70274013599978,,
es,borrego,borrego,lamb,animals,0.17697977910184415,29.29449682371732,0.3157355675195631,19.309516754451092
es,bicho,bicho,bug,animals,0.1033136025804087,35.75834069807837,,
es,ardilla,ardilla,squirrel,animals,0.1628807159573752,32.07759762632348,0.33095611190408303,21.23986599122675
es,araña,araña,spider,animals,0.23319687777492185,23.767723229376934,0.379203587673809,17.51367899950371
es,animal,animal,animal,animals,0.2125456595139425,26.212144703404512,0.3094344477301796,17.496243587990733
es,abeja,abeja,bee,animals,0.16605115654221453,30.599376592303173,0.37716951812462374,19.545820442499735
es,trineo,trineo,sled,vehicles,0.08123195702610476,55.89896115049302,,
es,triciclo (vehicles),triciclo,tricycle,vehicles,0.1923761495229789,28.334367311268096,,
es,tren,tren,train,vehicles,0.23368182891263978,22.52044751015299,0.28990619705999726,17.62265949533686
es,tractor,tractor,tractor,vehicles,0.163169712413306,36.478898470163045,,
es,moto,moto,motorcycle,vehicles,0.24331719322947462,23.28013175696606,0.27892560648478243,17.94690718571631
es,helicóptero,helicóptero,helicopter,vehicles,0.1813705956889827,30.737296648657264,,
es,carreola,carreola,stroller,vehicles,0.16103289567235224,30.07799575504943,0.16507881729324375,15.921267800203356
es,camión de bombero,camión de bombero,firetruck,vehicles,0.18774071681688037,33.070394867345854,0.4216630854294827,19.381643203184087
es,bicicleta,bicicleta,bicycle,vehicles,0.23606250005874174,24.75809291257755,0.3260027289624977,16.851872643429886
es,barco,barco,boat,vehicles,0.20784154885033793,27.44180949555252,0.5117916206304133,18.693212165765033
es,avión,avión,airplane,vehicles,0.25097675214173804,21.542110938454428,0.3186021460550271,15.930163387793524
es,autobús,autobús,bus,vehicles,0.12943329279972518,31.22076677436205,,
es,agua,agua,water (beverage),food_drink,0.3924391956755335,13.495630159195397,0.25723235978094183,5.607262715288519
es,arroz,arroz,rice,food_drink,0.23678950843460275,23.352677961969167,0.2593735907674651,17.557423788558413
es,atole,atole,atole,food_drink,0.1696573442783589,29.478956768684192,0.23396203573588403,19.029995740985193
es,atún,atún,tuna,food_drink,0.21061541621989646,27.969305822162926,,
es,azúcar,azúcar,sugar,food_drink,0.21960812575028144,24.91784758606399,,
es,café,café,coffee,food_drink,0.22792856894064073,25.27983255013336,0.33532883097295396,19.880317362963424
es,calabaza,calabaza,pumpkin,food_drink,0.1947403919079367,29.93789041748762,,
es,carne,carne,meat,food_drink,0.26767738342184794,22.27615588323912,0.2732001514274933,16.717412953609205
es,cereal,cereal,cereal,food_drink,0.16144912640725198,28.538774342044654,0.18277266429207206,19.254496518092036
es,chícharo,chícharo,peas,food_drink,0.201049689554622,30.116929406670085,,
es,chicle,chicle,gum,food_drink,0.23421308987989822,23.536785259700714,,
es,chile,chile,chili,food_drink,0.2470088866141575,22.385356464087383,0.37629642034893,16.6350727159781
es,chocolate,chocolate,chocolate,food_drink,0.19247625134856014,22.47639693574597,,
es,comida,comida,food,food_drink,0.21664069761755628,21.887957177101075,0.2037618413120171,10.492805524420048
es,dulce,dulce,candy,food_drink,0.23930887155861028,21.491918125091278,0.29557116713189285,12.133860608149044
es,durazno,durazno,peach,food_drink,0.19283183259903328,30.293416332723407,,
es,ejotes,ejotes,beans,food_drink,0.17667633286315046,33.4020419418395,0.2705380418083553,16.680936106272142
es,elote,elote,corn,food_drink,0.22488671232401025,26.427387587831962,,
es,espagueti,espagueti,pasta,food_drink,0.15304524231205252,31.795502809955384,,
es,fresa,fresa,strawberry,food_drink,0.2055077818274036,27.307867895154725,,
es,frijoles,frijoles,beans,food_drink,0.24086228449229746,24.080838403499403,0.2705380418083553,16.680936106272142
es,galleta,galleta,cookie,food_drink,0.2510415826882439,19.947614454498385,0.20511006089536574,9.567030473167815
es,gelatina,gelatina,jelly,food_drink,0.19075059774120354,23.375026572867153,,
es,hamburguesa,hamburguesa,hamburger,food_drink,0.2237563996791817,30.88387236532991,,
es,hielo,hielo,ice,food_drink,0.1868939263736157,28.05544225768735,,
es,hot cakes,hot cakes,pancake,food_drink,0.16954722016400214,32.501549027088636,,
es,huevo,huevo,egg,food_drink,0.2659474027221709,20.984348123589804,0.2686280786583666,14.827963053750453
es,jamón,jamón,ham,food_drink,0.23344513907969994,23.98442642214285,0.3021176665976526,16.328413099168557
es,jugo,jugo,juice,food_drink,0.26360175093204924,20.893658440003442,0.2049800879608114,13.543891644472211
es,leche,leche,milk,food_drink,0.29681556721500774,17.13387996528579,0.12316133389627433,3.7529627653045248
es,licuado,licuado,smoothie,food_drink,0.1505128186115113,34.425348935090035,,
es,limonada,limonada,lemonade,food_drink,0.15428224413567596,33.5378518597773,,
es,mantequilla,mantequilla,butter,food_drink,0.18900074978258274,32.263868776644536,,
es,manzana,manzana,apple,food_drink,0.2541072338777857,22.468790301399583,0.18243830567195574,14.099344797401386
es,melón,melón,melon,food_drink,0.21393862376047748,26.759184537687926,,
es,mermelada,mermelada,jam,food_drink,0.1827872334141324,31.979038202614948,,
es,naranja,naranja,orange (food),food_drink,0.24654685794428796,23.353843927075626,0.2288307978730999,15.737619721918177
es,paleta,paleta,lollipop,food_drink,0.22535620860165748,21.738436071767417,0.26474863177718927,13.15346758477473
es,palomitas,palomitas,popcorn,food_drink,0.21364531306956006,27.49476567204729,,
es,pan,pan,bread,food_drink,0.3230156200725842,16.635245709705583,0.29942690133839256,10.484612910169822
es,pan dulce,pan dulce,pastry,food_drink,0.14515647326282655,32.42573973138091,,
es,papas,papas,potato,food_drink,0.18681943417998953,18.458830351362344,,
es,papitas,papitas,chips,food_drink,0.19386811812131285,26.100692807632907,,
es,pasas,pasas,raisin,food_drink,0.1963647120937136,29.128628879076533,,
es,pastel,pastel,cake,food_drink,0.24348478160718193,23.68098913329171,0.30582921735753715,17.428272530867503
es,peanut butter,peanut butter,peanut butter,food_drink,0.09418057836620827,51.212505502322,,
es,pescado (food_drink),pescado,fish (food),food_drink,0.22157453428637575,27.710330447733995,,
es,pollo,pollo,chicken (food),food_drink,0.2846577987995878,21.01892922224597,0.260915811513593,14.592186949178947
es,quesadilla,quesadilla,quesadilla,food_drink,0.20500486816934096,28.690121828897134,0.34559875963684533,19.112063879576993
es,queso,queso,cheese,food_drink,0.25212159834442727,23.421109308907027,0.2870370725718816,17.57014486487936
es,sal,sal,salt,food_drink,0.23188029354117026,23.52770327050038,,
es,salchicha,salchicha,hot dog,food_drink,0.23159168252696377,25.189768997535666,0.33387444291729323,17.99537427434609
es,salsa,salsa,sauce,food_drink,0.2051205962819506,30.001523502513958,,
es,sandía,sandía,watermelon,food_drink,0.1993824343126696,28.739302915843105,,
es,sopa,sopa,soup,food_drink,0.23652062336823548,19.18221828987213,0.28495742825766407,11.841105797452771
es,taco,taco,taco,food_drink,0.20781935948447525,23.096355964237585,,
es,té (food),té,tea,food_drink,0.16917382579181317,28.364379486187058,,
es,tortilla,tortilla,tortilla,food_drink,0.2191240189336339,22.564220301926113,0.23227861487143794,12.97215229442979
es,uvas,uvas,grapes,food_drink,0.22478849067415727,24.085075735513,0.30059632382458246,17.91248348227398
es,vainilla,vainilla,vanilla,food_drink,0.1789400851163849,35.01405582969666,,
es,vitaminas,vitaminas,vitamin,food_drink,0.1597433701603621,34.38160251553379,,
es,yoghurt,yoghurt,yogurt,food_drink,0.18910551348895024,25.339983674002106,,
es,zanahoria,zanahoria,carrot,food_drink,0.2159833059997393,28.232838497477637,,
es,botón,botón,button,clothing,0.21890083246641434,25.336586213886296,0.24672605559315142,18.5615543113728
es,bufanda,bufanda,scarf,clothing,0.15202134445217486,36.71292208300402,,
es,calcetín,calcetín,sock,clothing,0.1876227236289066,22.064331250887456,0.2598625540388265,12.470788945070035
es,calzón,calzón,underpants,clothing,0.2714627868598441,23.271954646879767,0.2844139664672566,17.130517365495766
es,camisa,camisa,shirt,clothing,0.2464985551006032,25.850187179782797,,
es,chancla,chancla,slipper,clothing,0.18548445425247664,27.11243922468502,,
es,cierre,cierre,zipper,clothing,0.19466110562825328,31.287453217961446,0.39428484403861136,20.30512691233942
es,collar,collar,necklace,clothing,0.199640506632013,30.458458757605904,0.24867291450518417,20.8869792968432
es,falda,falda,skirt,clothing,0.22647288397000984,28.7502645319304,0.32298386818978914,20.12261926553913
es,gorra,gorra,hat,clothing,0.18672021462176577,25.07189790782531,0.2590329312559701,17.149420832988675
es,guantes,guantes,glove,clothing,0.21129773047200984,29.044288972540727,,
es,lentes,lentes,glasses,clothing,0.24635354843108448,25.18714872025323,0.24748847988691505,16.53585129363608
es,medias,medias,tights,clothing,0.21742388780237437,29.427876461020368,,
es,pañal,pañal,diaper,clothing,0.2555174018665438,20.660002027581342,0.24842170316781076,9.267209709023797
es,pantalón,pantalón,pants,clothing,0.2742597685558088,23.47981981971785,0.3305082051330158,15.847627083353608
es,pijama,pijama,pajamas,clothing,0.210215865866534,27.18841118619119,0.2593304105762783,18.447028917289504
es,playera,playera,t-shirt,clothing,0.2070268429350937,28.779620709324114,0.2737874548024177,17.600501639847373
es,ropa,ropa,clothes,clothing,0.22326397446098684,24.572002191145454,,
es,shorts,shorts,shorts,clothing,0.2274827189155177,27.95883077941658,0.325294117863236,19.314443263602726
es,sombrero,sombrero,hat,clothing,0.18676399206944724,28.599500432648238,0.2590329312559701,17.149420832988675
es,suéter,suéter,sweater,clothing,0.24013336144050337,25.14870464083634,0.29883723293994363,15.846493503998438
es,vestido,vestido,dress (object),clothing,0.21594846922297248,26.824245605890972,0.24424663931064144,18.107132383660492
es,zapato,zapato,shoe,clothing,0.34685545453848265,17.717931132664024,0.33526080797628516,10.059548954665186
es,barba,barba,beard,body_parts,0.19115426842102773,30.443661959051177,,
es,bigote,bigote,mustache,body_parts,0.20641204208892863,29.419911470827522,0.311046515525128,19.7262613073019
es,boca,boca,mouth,body_parts,0.30334277184457326,19.864466763626435,0.30549810413264467,10.96695332915458
es,brazo,brazo,arm,body_parts,0.22174810647882967,24.932955610589048,0.2858675200283224,15.37888767422657
es,cabeza,cabeza,head,body_parts,0.26815642344930835,21.181454231162395,0.30040534480782694,12.161781902993951
es,cachete,cachete,cheek,body_parts,0.21266523284197578,26.469829120647123,0.2721455784699807,17.727104886702637
es,cara,cara,face,body_parts,0.2660543241576472,23.048612661975472,0.29738198080271816,15.155424258235215
es,dedo,dedo,finger,body_parts,0.2209865052268574,21.54526129822404,0.22636792765618163,14.734382662920071
es,dientes,dientes,tooth,body_parts,0.26738951205403505,22.2752880997022,0.2674175862765172,14.220556594092384
es,hombro,hombro,shoulder,body_parts,0.22826209610026707,29.531629923387797,,
es,labios,labios,lip,body_parts,0.23150210078728167,27.69684733652799,,
es,lengua,lengua,tongue,body_parts,0.2549074066214059,23.341594226288485,0.2927949555715266,14.867979911274505
es,mano,mano,hand,body_parts,0.22111099763408865,18.353284534892452,0.29637569691710836,11.266191463700784
es,nalgas,nalgas,butt,body_parts,0.19517887719756613,26.106515110239716,,
es,nariz,nariz,nose,body_parts,0.27880159840725394,21.212247283031676,0.29793447939853945,14.255824856300435
es,ojos,ojos,eye,body_parts,0.3094711733470962,20.425137919178884,0.3243603503849333,12.423772336434752
es,ombligo,ombligo,belly button,body_parts,0.21643569546446711,25.557388875735704,0.35935941730788307,16.167075151530426
es,oreja,oreja,ear,body_parts,0.22853220898821552,22.89058400429138,0.30729465232618897,15.579036274183528
es,panza,panza,tummy,body_parts,0.2558288275440715,22.14167962334377,0.36112285818234885,14.251143182419076
es,pelo,pelo,hair,body_parts,0.2954201791777548,21.172149684385385,0.2963943042743804,13.245659270539027
es,pene,pene,penis,body_parts,0.14897471025344275,29.8026264966039,,
es,piernas,piernas,leg,body_parts,0.25210614676697185,25.16764573181764,0.283472855986151,17.29846436334334
es,pies,pies,foot,body_parts,0.27172229751863447,21.241523403647072,0.26553738632312346,12.782978081954992
es,rodilla,rodilla,knee,body_parts,0.24171904263302668,26.981658896488348,0.3677231495534452,19.118956430920818
es,vagina,vagina,vagina,body_parts,0.12380395868559696,37.51837282240977,,
es,bat,bat,bat (object),toys,0.11567489071445275,39.347608762622116,,
es,burbujas,burbujas,bubbles,toys,0.17275838756779605,30.428587880882294,,
es,colores,colores,colors,toys,0.2551068275849627,25.338987478205077,,
es,crayolas,crayolas,crayon,toys,0.18046350793508542,29.922478609658285,,
es,juguete,juguete,toy (object),toys,0.2289858231562204,23.614016866610413,0.19825192118688742,11.819235758957413
es,lápiz,lápiz,pen/pencil,toys,0.27024137660939457,22.7780214148459,0.3322176902819869,15.761902157170914
es,libro,libro,book,toys,0.24317476789184278,25.173995030217114,0.26897386600668605,17.055452322355624
es,muñeca,muñeca,doll,toys,0.20188959135758283,23.79243110197577,0.20441182613711317,14.564455291551583
es,osito,osito,teddybear,toys,0.20900598239658252,23.43306158137023,0.16292720219396709,14.712387267770678
es,patines,patines,skate (object),toys,0.21480174960522605,30.41763852297254,,
es,pelota,pelota,ball,toys,0.2697953943877761,18.637288600680865,0.30773209191718265,9.203399889981581
es,pinturas,pinturas,painting,toys,0.2340429446346142,28.20770611385241,,
es,plastilina,plastilina,clay,toys,0.22105370107852151,29.958200617086824,,
es,tambor,tambor,drum (object),toys,0.17291350716919807,30.010081381123623,0.31589040484778275,18.512940879591092
es,triciclo (toys),triciclo,tricycle,toys,0.1998368720148705,27.79913851587351,,
es,botas,botas,boots,clothing,0.21781986275681295,26.972200820269464,0.3560194506473504,20.04694397191653
es,bolsa (clothing),bolsa,purse,clothing,0.2452893078695858,24.222555201126372,0.3328393954343969,15.17195775335929
es,babero,babero,bib,clothing,0.1974208316112384,26.324069596860426,0.15696404890988308,15.346405354730068
es,aretes,aretes,earring,clothing,0.20019244747694798,27.275416721071988,0.2111852105037805,18.904036932043017
es,abrigo,abrigo,coat,clothing,0.1370073175935026,35.60440572069953,,
es,almohada,almohada,pillow,household,0.24047673659761135,24.754177384179034,0.2287076518532076,14.853866444755734
es,aspiradora,aspiradora,vacuum,household,0.1570236279289871,36.50947479978704,0.27173414494466785,22.983520722324794
es,basura,basura,trash,household,0.2778806816876244,22.037377326938916,0.3767336090614837,14.49732392917066
es,bolsa (household),bolsa,bag,household,0.22445218311806334,23.443241253102205,,
es,caja,caja,box,household,0.2484500525138134,24.838737573345373,0.3038202654537949,17.366285486707046
es,cámara,cámara,camera,household,0.2235721186398739,28.96726415110034,,
es,canasta,canasta,basket,household,0.21031109038508974,30.732671956735114,,
es,cassette,cassette,tape (object),household,0.20118734013476947,28.92058569157911,,
es,cepillo de dientes,cepillo de dientes,toothbrush,household,0.24625748351380466,24.6981639182774,0.3557498981684606,16.50568525675525
es,cepillo,cepillo,brush (object),household,0.25420838484683905,22.948184173836207,0.3070774907831395,13.605927433468144
es,cerillos,cerillos,matches,household,0.19676456591755445,28.666183518895863,,
es,cigarros,cigarros,cigarette,household,0.1986566071176089,30.354571016389286,0.2710092421805831,20.66795120002394
es,clavo,clavo,nail (object),household,0.21832744476856247,31.215719133853113,,
es,cobija,cobija,blanket,household,0.2378793012222866,25.41708771689569,0.2324496493693321,14.925009732776296
es,cuadro,cuadro,picture,household,0.20365102785892109,30.42491643699427,0.28714912880181503,21.426998581146528
es,cubeta,cubeta,tray,household,0.2296709001904566,26.268155067835004,,
es,cuchara,cuchara,spoon,household,0.23386680279505734,23.023412763704503,0.28416673657062785,11.666103543997718
es,cuchillo,cuchillo,knife,household,0.2775482055885555,25.275876703925984,0.4365115297372967,17.984278210037953
es,dinero,dinero,money,household,0.2490192881200598,23.10286231239069,0.41849977836922564,15.846133663438717
es,escoba,escoba,broom,household,0.2559363575432811,24.456323812157496,0.3949290851657763,15.324693049636522
es,espejo,espejo,mirror,household,0.2298910996922131,26.574993210004124,0.19607590154245685,15.326532135467742
es,fotos,fotos,photo,household,0.25397953045165383,24.086448172376443,0.23566287316047102,16.04462127658449
es,jabón,jabón,soap,household,0.2673110253350862,22.025466963397538,0.3359050682640246,14.44970797758149
es,lámpara,lámpara,lamp,household,0.21841350515636587,29.354969958365714,,
es,llave,llave,key,household,0.21687228179536983,23.036822437615335,0.30046692165491645,13.017732225345021
es,luz,luz,light (object),household,0.27120498095608186,21.105565374454432,0.2761028463717909,14.166493913258902
es,martillo,martillo,hammer,household,0.1936976945883185,30.968961303220237,0.42131502882156313,19.491492447570817
es,medicina,medicina,medicine,household,0.24814119537375562,25.033181374401295,0.23216876950197823,15.92767558444988
es,olla,olla,pot,household,0.18615802553719984,28.78496718146553,,
es,pañuelo,pañuelo,tissue,household,0.17529718963723512,31.050706909714414,,
es,papel,papel,paper,household,0.2649682776049528,22.4685536780601,0.2791011205390076,14.737730525110159
es,pasta de dientes,pasta de dientes,toothpaste,household,0.23071767340166074,27.15503977364851,,
es,peine,peine,comb (object),household,0.23632529284255038,24.143976136438674,0.24279269393688369,13.13685283667829
es,periódico,periódico,newspaper,household,0.20335213830304585,31.2441640452378,,
es,plancha,plancha,iron (object),household,0.2574813529280442,27.805536818026916,,
es,plato,plato,plate,household,0.26489447163762986,22.204659310953822,0.33445311940204825,13.316093786099009
es,radio,radio,radio,household,0.2125978188342011,26.92454397537947,0.24670555290061344,15.916350643465615
es,reloj,reloj,watch (object),household,0.21875305561581082,26.065702840268735,0.25946649939449346,18.103394613450376
es,servilleta,servilleta,napkin,household,0.23237870093570728,26.30232224553494,,
es,tapete,tapete,rug,household,0.1971773132262197,31.575807088212738,,
es,taza,taza,cup,household,0.23008111160598266,24.723343584436034,0.26095585280345834,16.214017382783883
es,teléfono,teléfono,telephone,household,0.22671684655230043,23.005888461755635,0.2697268700694632,12.983008761621061
es,tenedor,tenedor,fork,household,0.21553809083113118,27.53491847829631,0.41171812740600383,18.034088548790738
es,tijeras,tijeras,scissors,household,0.2682830501642809,26.622091002825428,0.4218617309733692,18.399375775609823
es,toalla,toalla,towel,household,0.23666278870083318,25.777448026298465,0.2821979660706633,16.981990868554526
es,trapo,trapo,cloth,household,0.20523804180930239,27.984122259385718,0.2936468649104644,17.755413445484546
es,vasos,vasos,glass,household,0.23654014420651256,22.69015430844366,0.31940739495179926,12.418821305832974
es,vela,vela,candle,household,0.20347130276662398,29.064361788817983,0.3099306256669255,20.300861014996617
es,árbol,árbol,tree,outside,0.23877324899337282,23.63253119586092,0.275435524275794,15.35483720481529
es,bandera,bandera,flag,outside,0.24718011541260754,28.547823860837532,,
es,cielo,cielo,sky,outside,0.21924597723004616,25.67314058983363,0.34145372854140443,16.637305353621333
es,coladera,coladera,drain (object),outside,0.16469578057322615,34.95032678497554,,
es,columpio,columpio,swing (object),outside,0.24403148556807164,26.426500366567637,0.2686913378423987,17.813869592741515
es,estrella,estrella,star,outside,0.21567803777194772,26.24031878159714,0.4819818813230886,17.807854238421285
es,flor,flor,flower,outside,0.23420290460559773,23.852626988991144,0.25208985715191723,16.62093855686782
es,fuego,fuego,fire,outside,0.18301092538883187,30.606433998103487,,
es,hojas,hojas,leaf,outside,0.21081397207321706,27.389669892398853,,
es,leña,leña,firewood,outside,0.11161237153457146,41.90516831949387,,
es,lluvia,lluvia,rain,outside,0.2228845963097914,25.406696849763055,0.38347915220308476,16.648381331448327
es,luna,luna,moon,outside,0.24212017139499387,22.672252977420644,0.40057519978681727,16.68538818934823
es,maceta,maceta,flower pot,outside,0.1827574298497587,29.939419329916426,,
es,manguera,manguera,hose,outside,0.22322197337483232,29.98810439411499,,
es,muñeco de nieve,muñeco de nieve,snowman,outside,0.11413837012019379,42.94890897387272,,
es,nieve,nieve,snow,outside,0.17685403659756221,31.358801331588747,0.4138554294027244,19.974029665653717
es,nube,nube,cloud,outside,0.21463473288355225,27.23846570796352,0.40158132635374094,19.265412646023872
es,pala,pala,shovel,outside,0.19897450523786192,29.942559174519246,,
es,palo,palo,stick,outside,0.21782151243753267,23.961477734970615,,
es,pasto,pasto,grass,outside,0.2182486313356305,27.095617191347948,,
es,piedra,piedra,rock (object),outside,0.23083546583862616,25.586049218785828,0.35381852784947365,16.708789410308547
es,planta,planta,plant,outside,0.19252706954644774,27.914162508946994,0.2337725834150208,16.978035156820606
es,reja,reja,grill (object),outside,0.16355348904902425,34.25536054295155,,
es,resbaladilla,resbaladilla,slide (object),outside,0.21440436425164688,28.500771612499392,0.36840770242419585,18.287685970507887
es,sol,sol,sun,outside,0.2529800859675127,22.542827792130804,0.3331949733177034,16.83248120087255
es,tanque,tanque,,outside,0.1408999345582769,37.97832669190958,,
es,techo,techo,roof,outside,0.18817308503139704,29.786781870782303,0.395401025976782,19.361736221424927
es,tierra,tierra,soil,outside,0.23296023865796703,25.4608678539897,,
es,timbre,timbre,doorbell,outside,0.16623155139375664,31.555358741582936,,
es,bacinica,bacinica,potty,furniture_rooms,0.18270125529018552,28.4387671532917,0.40648339786197785,18.803213044950315
es,banco (outside),banco,bench,furniture_rooms,0.17200576064807435,28.6024390771513,,
es,baño,baño,bathroom,furniture_rooms,0.24839014292853293,22.239662993832866,0.27196449222039554,12.969247270212543
es,cajón,cajón,drawer,furniture_rooms,0.21837810581979017,27.39059316610799,0.3227185161209842,17.704817338698568
es,cama,cama,bed,furniture_rooms,0.2919519156068865,21.03746882591057,0.2966157382919354,10.611485401935
es,champú,champú,shampoo,furniture_rooms,0.19755730076812994,24.82020121680397,,
es,cocina,cocina,kitchen,furniture_rooms,0.24477870194317794,25.083941803621936,0.30361156404053596,14.983698605826145
es,computadora,computadora,computer,furniture_rooms,0.12075662522301382,40.312042955990336,,
es,cuarto,cuarto,room,furniture_rooms,0.21260494376109237,25.840389738734178,0.32900665568772164,14.743520884881962
es,cuna,cuna,crib,furniture_rooms,0.19728320763471854,24.41234247246336,0.14226918659702836,12.082029590907538
es,escaleras,escaleras,stairs,furniture_rooms,0.2146231429956919,26.52416453537668,0.32852729017985116,15.878533506536682
es,estufa,estufa,stove,furniture_rooms,0.24327073224402937,27.26437122068546,0.38053345265711913,17.126997274273855
es,horno,horno,oven,furniture_rooms,0.17291775717480315,34.20937164810819,0.410189756818916,20.276605261032433
es,lavabo,lavabo,sink,furniture_rooms,0.19102693286499184,30.86621336685176,0.3865003491339171,18.18154314461317
es,lavadora,lavadora,washing machine,furniture_rooms,0.22682163709387593,28.911860316993916,,
es,librero,librero,bookshelf,furniture_rooms,0.19152951856230196,33.31630783427136,,
es,mesa,mesa,table,furniture_rooms,0.27298736968799353,21.85910450825909,0.36352718864531314,13.55637054282104
es,mueble,mueble,furniture,furniture_rooms,0.17071257831314354,33.523926356219825,,
es,patio (outside),patio,patio,furniture_rooms,0.203102392113925,27.67543950875976,,
es,puerta,puerta,door,furniture_rooms,0.2595021774115702,22.828103193767515,0.37050871442110866,13.419032953729268
es,recámara,recámara,bedroom,furniture_rooms,0.19336440118524903,30.540915628776524,0.2618155947035291,19.63132158631395
es,refrigerador,refrigerador,refrigerator,furniture_rooms,0.23241261928086232,27.48088818313515,0.3674373007141978,17.21525196991472
es,sala,sala,living room,furniture_rooms,0.21377013205880258,27.304369023710226,0.3273891165416677,18.110806144897353
es,secadora,secadora,dryer,furniture_rooms,0.17418722954140203,34.802701764610894,,
es,silla,silla,chair,furniture_rooms,0.28383762570831,21.07159709739061,0.37258160102138255,13.024394748099938
es,sillón,sillón,couch,furniture_rooms,0.22187865176234955,27.27579203222161,0.42026750296513576,18.603744099743434
es,sofá,sofá,couch,furniture_rooms,0.152404466421283,34.709479789263675,0.42026750296513576,18.603744099743434
es,televisión,televisión,tv,furniture_rooms,0.2571889129492084,22.361357174499773,0.24263108389987112,11.418088532840379
es,tina,tina,bathtub,furniture_rooms,0.2046054913621365,25.817878418907274,0.20790504333465695,15.207435056251358
es,ventana,ventana,window,furniture_rooms,0.24297361024959235,24.621423318054603,0.2820584401179208,14.303459472184603
es,banco (places),banco,bank,places,0.15965740032169107,33.03650160440602,,
es,bosque,bosque,forest,places,0.1534091743423991,36.02579250070604,,
es,calle,calle,street,places,0.22757553257524263,21.34752034756043,0.21480418368496423,10.578288341847614
es,campo,campo,field,places,0.14688167657465392,34.88474989105127,0.4000258353566164,19.840389397234055
es,casa,casa,home,places,0.228431316833731,20.982484734607173,,
es,cerro,cerro,hill,places,0.1528638565237974,35.96810119160889,,
es,cine,cine,movie,places,0.21155318575552207,30.699865394085705,,
es,circo,circo,circus,places,0.1954882263523172,28.879957361286408,,
es,escuela,escuela,school,places,0.25526844907141616,24.316685091708184,0.3047533743502754,17.160035411404703
es,fábrica,fábrica,factory,places,0.14704146808350024,41.018687902290644,,
es,fiesta,fiesta,party,places,0.23323862779911908,26.1173762366838,0.43839824653724957,17.710577641343832
es,jardín,jardín,garden,places,0.1974072267659599,28.665809433746748,0.26841786236980303,18.573895573813026
es,oficina,oficina,office,places,0.19095589159850215,33.46422753212622,,
es,parque,parque,park,places,0.2042596129079383,27.78421838627953,0.32872439526740455,19.315166161919027
es,patio (places),patio,yard,places,0.19349171347129357,27.931002696598988,,
es,playa,playa,beach,places,0.16004850863046305,33.14467667364118,0.46624680338377333,19.742844687404325
es,rancho,rancho,farm,places,0.12738711422839324,40.536252456018936,,
es,río,río,river,places,0.16147689982538127,32.68049365240929,,
es,zoológico,zoológico,zoo,places,0.17107964901168868,34.86181921841218,0.5465764800451953,19.917813616565162
es,abuela,abuela,grandma,people,0.21803816380259575,18.817413655541763,0.15300146716830082,10.396098678600326
es,abuelo,abuelo,grandpa,people,0.18601508251845086,21.334231275251636,0.14683941937941414,14.256606589225301
es,amiga,amiga,friend,people,0.19008110371351436,28.462169695942517,,
es,amigo,amigo,friend,people,0.19787280859500664,28.549100028403462,,
es,bebé,bebé,baby,people,0.35314451523668555,16.647157911412457,0.23097625326224003,10.791055792898698
es,cura,cura,priest,people,0.1343826171284242,38.577365279333996,,
es,doctor,doctor,doctor,people,0.252352634040986,25.937292313813497,,
es,enfermera,enfermera,nurse,people,0.1590407069037863,35.42872340138277,,
es,familia,familia,family,people,0.158482531766878,34.41435017556569,0.33368556137228933,20.35473441750375
es,hermana,hermana,sister,people,0.13922022304258305,26.995084958934758,0.16259615583264964,17.507984119455934
es,hermano,hermano,brother,people,0.133644306624117,28.703672281086494,0.1869662342422404,17.65498608435554
es,madrina,madrina,godmother,people,0.1576741619959402,31.063477724361086,0.24134846643044006,20.210202059985768
es,maestra,maestra,teacher,people,0.2251929375142436,27.422260802089234,0.29143213555008823,19.74199319495505
es,mamá,mamá,mommy,people,0.32635549758750393,12.379248613287116,0.2359105890364439,5.245122165886197
es,mamá,mamá,mommy,people,0.32635549758750393,12.379248613287116,0.2359105890364439,5.245122165886197
es,nana,nana,babysitter,people,0.08345195381783714,37.016975096041506,0.23334635923582697,21.480051481979526
es,niña,niña,girl,people,0.21651087309497574,21.3287864597556,0.2660471554566348,15.85467629802001
es,niño,niño,boy,people,0.23155694598461338,21.734207553129576,0.2178719333594993,16.46537396188148
es,padrino,padrino,godfather,people,0.14295763959297733,32.30071050919779,0.2605143316914079,21.034663154044882
es,papá,papá,daddy,people,0.3092131312289562,12.477982002481669,0.18466170339771745,4.801453197422083
es,papá,papá,daddy,people,0.3092131312289562,12.477982002481669,0.18466170339771745,4.801453197422083
es,payaso,payaso,clown,people,0.22346758807627867,24.9594030506469,,
es,persona,persona,person,people,0.15501600242953417,35.121036935325336,0.2688892576615071,21.23536495859469
es,policía,policía,police,people,0.23368085661291216,28.85136944159791,,
es,prima,prima,cousin,people,0.12917507925453364,29.283646155219003,,
es,primo,primo,cousin,people,0.15050682038925522,28.20903808076055,,
es,señor,señor,man,people,0.24203405662146418,26.172947104463905,0.33695829187158455,18.60692757328025
es,señora,señora,woman,people,0.2201165142779147,27.66120107329437,0.30689545011709196,19.033074395595772
es,tía,tía,aunt,people,0.2190639443894395,20.155088438428212,0.174703997547057,14.949013675003046
es,tío,tío,uncle,people,0.22690034987607102,20.913201370080728,0.18892913407776313,16.127658188404293
es,acerrín,acerrín,kid's song,games_routines,0.11907005992092733,36.9063528526158,0.06660777650481334,30.48884918943133
es,ahí te voy,ahí te voy,,games_routines,0.12779719635617554,30.731569166973117,,
es,al agua patos...,al agua patos,,games_routines,0.12526360950726165,30.933103089823913,,
es,a ver...,a ver,,games_routines,0.18702087033697973,21.731022845929004,,
es,besitos,besitos,kiss,games_routines,0.17675772051563837,20.383552966088693,0.3774596323736267,10.100198153149218
es,bravo,bravo,bravo,games_routines,0.11905582777542519,15.059867497546868,,
es,buenos días,buenos días,good morning,games_routines,0.19165064680035912,26.689787206678748,0.20025527048839112,18.6612420063716
es,buenas noches,buenas noches,good night,games_routines,0.21353971211131453,25.995757642688222,0.25776964420589593,17.728807440627254
es,cosquillitas,cosquillitas,tickle,games_routines,0.1648047748712984,26.785581039255085,0.15490618172540999,9.275629189887047
es,gracias,gracias,thank you,games_routines,0.27682353186016806,18.513083805214308,0.32183110145813115,14.607774887595724
es,hola,hola,hi,games_routines,0.25768383652049687,18.47482452001857,0.21466531497001673,11.92134965692782
es,manos arriba,manos arriba,hands up,games_routines,0.12267669922277825,29.799066118014263,0.24309011215191156,12.38185884249857
es,ojitos,ojitos,look at me,games_routines,0.17633662974099762,22.172872383148327,0.2250699574387552,11.655938768925031
es,okay,okay,,games_routines,0.1442514535768284,30.752444342764214,,
es,pon pon tata,pon pon tata,,games_routines,0.04021584463560271,63.6717264643545,,
es,por favor,por favor,please,games_routines,0.2500413434906422,23.250582053686017,0.3276693477810317,18.310973078187367
es,salud,salud,bless you,games_routines,0.2117732199604066,24.54006434142067,0.23003421254455061,17.9672995362423
es,shhh,shhh,shh,games_routines,0.05798969313993869,11.388304803923607,0.22787412391009518,13.916284384206424
es,siesta,siesta,nap,games_routines,0.10532638138522914,39.388189009977786,0.1819254658298326,14.738122234544699
es,tengo manita,tengo manita,have hands,games_routines,0.12283301544126225,32.79022274446196,0.11484482214832212,19.540359844293732
es,te voy a pegar...,te voy a pegar,hit,games_routines,0.16809254422678746,28.25232653231648,0.2725131478897945,14.244648421169165
es,te voy a pegar...,te voy a pegar,hit,games_routines,0.16809254422678746,28.25232653231648,0.2725131478897945,14.244648421169165
es,tortillitas,tortillitas,pattycake,games_routines,0.1455123954605754,27.026412522403074,0.1255138814648086,15.208397813810937
es,uno dos tres...,uno dos tres,one two three,games_routines,0.24762660902252429,20.919707705841425,0.24216595829405413,17.2798315424972
es,vámonos,vámonos,leave,games_routines,0.1733709435582571,19.44123205026404,,
es,jalar,jalar,pull,action_words,0.22341870636043043,29.739514851685165,,
es,jugar,jugar,play,action_words,0.23765578831296758,24.285559235638626,0.2872380224682063,13.464956550935577
es,juntar,juntar,build,action_words,0.2335806643936266,31.47241764570493,,
es,leer,leer,read,action_words,0.18430971453574896,31.286591785814153,0.3783433169853761,19.28557292219438
es,llorar,llorar,cry,action_words,0.23152465125657692,24.869754654965213,0.24526520109533487,12.58022615890789
es,llover,llover,rain,action_words,0.23919279197351323,27.754806397974967,0.38347915220308476,16.648381331448327
es,mirar,mirar,look,action_words,0.15534952453348844,27.340165198946917,0.23645402440108293,13.192415061520705
es,morder,morder,bite,action_words,0.2174960067587228,26.834413973331227,0.2055111920423786,12.67404367853106
es,nadar,nadar,swim,action_words,0.1978199510227685,31.320220091229125,,
es,oír,oír,hear,action_words,0.11076145677712755,28.528003818130845,,
es,patear,patear,kick,action_words,0.20230596794190314,29.353000864242972,,
es,patinar,patinar,skate (action),action_words,0.18859761689631435,34.00935676638247,,
es,pensar,pensar,think,action_words,0.16894155126534355,37.26495541841986,,
es,perder,perder,miss,action_words,0.2376937957437273,31.4507237497595,,
es,pintar,pintar,paint (action),action_words,0.24345685292254407,26.830666597739135,0.4242645167665661,17.54824232381631
es,platicar,platicar,talk,action_words,0.18360289298476265,31.62279556000559,,
es,poder,poder,can (auxiliary),action_words,0.2470390984720847,29.025504208246087,0.38617117302934867,19.34205753517627
es,prender,prender,turn on,action_words,0.1987765823176993,30.23844542076736,0.2955790140053003,18.119610556459975
es,querer,querer,want,action_words,0.22050394174724697,26.829011674142944,0.30511511769900435,15.709731427356402
es,regalar,regalar,give,action_words,0.19971774343546633,31.88263789621314,0.31194397951144665,12.153187743609173
es,romper,romper,break,action_words,0.25584672223804084,26.58202877839464,0.3133557063996972,17.058441259003807
es,saber,saber,know,action_words,0.25254119458109436,30.50685137194537,,
es,sacar,sacar,take,action_words,0.2188295182137442,28.867746911654685,0.30729677469099714,15.784117447716476
es,sacar,sacar,take,action_words,0.2188295182137442,28.867746911654685,0.3535043202418436,17.185041306672616
es,sacar,sacar,take,action_words,0.2188295182137442,28.867746911654685,0.26876303506841837,14.656351061203836
es,sacar,sacar,take,action_words,0.2188295182137442,28.867746911654685,0.3535043202418436,17.185041306672616
es,sacar,sacar,take,action_words,0.2188295182137442,28.867746911654685,0.26876303506841837,14.656351061203836
es,saltar,saltar,jump,action_words,0.17588182013306566,28.6407756807433,0.2560106812116177,14.586196662285419
es,saludar,saludar,greet,action_words,0.18859342659452774,29.264284856122078,,
es,soplar,soplar,blow,action_words,0.17516247599329504,28.07001461715224,0.32184921724635474,14.02382202943224
es,tapar,tapar,cover (action),action_words,0.23936581939817206,27.301312298713054,,
es,tener,tener,have,action_words,0.17284192876492552,30.85028560966607,0.28024669966085614,19.534160216526857
es,terminar,terminar,finish,action_words,0.21891715151138266,29.985431311220317,0.3408424194025115,15.442772667888708
es,terminar,terminar,finish,action_words,0.21891715151138266,29.985431311220317,0.3408424194025115,15.442772667888708
es,tirar,tirar,throw,action_words,0.21403733867129685,27.204723762017867,0.3463550070729293,13.844013035367146
es,tirar,tirar,throw,action_words,0.21403733867129685,27.204723762017867,0.2773319415239467,14.531052024247463
es,tocar,tocar,touch,action_words,0.1984245685226993,28.375872380261466,0.2710669559019259,15.086934578680939
es,acabar,acabar,finish,action_words,0.19638779233007186,25.595059005254793,0.3408424194025115,15.442772667888708
es,acabar,acabar,finish,action_words,0.19638779233007186,25.595059005254793,0.3408424194025115,15.442772667888708
es,acompañar,acompañar,accompany,action_words,0.26017205831688894,29.25195746702793,,
es,agarrar,agarrar,hold,action_words,0.23188280265111366,27.547506057667388,,
es,almorzar,almorzar,lunch (action),action_words,0.11716253342944244,39.35920351722962,,
es,andar,andar,walk,action_words,0.1354105576165082,32.520024729143586,0.2883333409246274,11.072701431178654
es,apagar,apagar,turn off,action_words,0.24796522955706787,24.858120147044318,0.34384772128691976,15.215696786736611
es,aventar,aventar,throw,action_words,0.2157486697709098,27.945602509530634,0.3463550070729293,13.844013035367146
es,aventar,aventar,throw,action_words,0.2157486697709098,27.945602509530634,0.2773319415239467,14.531052024247463
es,ayudar,ayudar,help,action_words,0.23908376694567374,26.77138125563635,0.39451484476137494,17.314020720952005
es,bailar,bailar,dance,action_words,0.20109852025759148,23.94252415354561,0.2722722467600126,10.06738443274449
es,barrer,barrer,sweep,action_words,0.2390490475835142,26.534995949529993,,
es,besar,besar,kiss,action_words,0.20248847865862293,25.177243769157858,0.3774596323736267,10.100198153149218
es,brincar,brincar,jump,action_words,0.23294759220125316,24.729419157525786,0.2560106812116177,14.586196662285419
es,buscar,buscar,watch (action),action_words,0.24219834182374766,27.508739873056033,,
es,caber,caber,fit,action_words,0.2266518120278377,30.167249801950362,,
es,caminar,caminar,walk,action_words,0.21232296744233534,25.47656612411109,0.2883333409246274,11.072701431178654
es,cantar,cantar,sing,action_words,0.20559957479638213,24.968575633340244,0.2786544051606207,13.485676968012667
es,cargar,cargar,carry,action_words,0.2196576614033114,27.942314012994505,,
es,cenar,cenar,dine,action_words,0.20351729461694898,29.373423620410275,0.2962535369041216,18.240856355743404
es,cerrar,cerrar,close,action_words,0.22477747610015406,26.00164151090238,0.38656386188371444,14.658955293921807
es,cocinar,cocinar,cook,action_words,0.17294554492680617,34.205411970121766,,
es,comprar,comprar,buy,action_words,0.2556535354920666,26.245063876176864,,
es,correr,correr,run,action_words,0.23199255304505245,24.94868338697017,0.4649356358356409,15.023409208766344
es,cortar,cortar,cut,action_words,0.28065459843445906,28.445877924503375,,
es,dar,dar,give,action_words,0.1764657697241651,25.209912778887244,0.31194397951144665,12.153187743609173
es,decir,decir,say,action_words,0.20314975824621417,30.053262737730943,0.3586997705707309,18.50826172203731
es,desayunar,desayunar,breakfast (action),action_words,0.1996757482080764,29.39298589977339,0.28374442801166,17.15985463705076
es,dibujar,dibujar,draw,action_words,0.2213941279480676,28.144380435258476,0.39530271052362226,17.6403328218983
es,doler,doler,hurt (action),action_words,0.22727199759503558,25.384901655197478,0.3713064709771315,16.599345939407655
es,empujar,empujar,push,action_words,0.20006438058448525,29.811065526221352,0.3042041422162195,17.40444684706473
es,encontrar,encontrar,find,action_words,0.23881722839601438,29.585513952601502,,
es,enseñar,enseñar,show,action_words,0.2031324981192178,31.274124306397056,0.3070622557429396,18.91561391363407
es,entrar,entrar,enter,action_words,0.24447862832177247,28.28388902242875,,
es,escribir,escribir,write,action_words,0.20422973411265147,28.444350219979675,0.4165028834377967,17.150152428641487
es,escuchar,escuchar,listen,action_words,0.17329298670188858,32.006200541055286,,
es,ganar,ganar,gain,action_words,0.2562875090842204,28.852747628208185,,
es,gritar,gritar,shout,action_words,0.2020780428260067,26.913164042747596,,
es,gustar,gustar,like,action_words,0.24681597147766252,27.41805092984416,,
es,hacer,hacer,do,action_words,0.23169986252671282,29.082324436447603,,
es,abrir,abrir,open (action),action_words,0.2513617406693662,21.92644390862785,0.3940335221701715,12.894840745807578
es,estar,estar,be,states,0.1428484004146876,33.279015249131014,0.23551087590483416,18.03694821624642
es,estar,estar,be,states,0.1428484004146876,33.279015249131014,0.31441917886649196,19.097348059341023
es,haber (hay),haber,,states,0.0977848264634122,34.7525153416757,,
es,ser,ser,be,states,0.13433835060906704,36.63101242521321,0.23551087590483416,18.03694821624642
es,ser,ser,be,states,0.13433835060906704,36.63101242521321,0.31441917886649196,19.097348059341023
es,alto,alto,tall,descriptive_words,0.17820288251133126,32.57283672072159,,
es,amarillo,amarillo,yellow,descriptive_words,0.2163344721690602,28.660714368403223,0.3510460305063962,21.90270792157327
es,azul,azul,blue,descriptive_words,0.21533862919891847,27.776479110855917,0.36209502909037705,21.831678211296683
es,blanco,blanco,white,descriptive_words,0.21233452395191252,29.97443288095907,,
es,bonita,bonita,pretty,descriptive_words,0.23133078003594212,25.775753485964444,0.19646875737839614,17.77276125981371
es,bueno,bueno,good,descriptive_words,0.18935396217752462,27.985983028597342,,
es,caliente,caliente,hot,descriptive_words,0.25068977172944906,22.181435684395723,0.3023017699555842,13.600530538847735
es,cansado,cansado,tired,descriptive_words,0.223316630766221,29.339469550153712,0.30462034173211083,19.767112458343483
es,chaparro,chaparro,short,descriptive_words,0.1101852544192147,44.93464355844781,,
es,chico,chico,little (description),descriptive_words,0.21991001998725482,28.956610431046915,0.39656292318283803,20.125815998059778
es,chico,chico,little (description),descriptive_words,0.21991001998725482,28.956610431046915,0.39419184668185375,19.87137870455023
es,chulo,chulo,cute,descriptive_words,0.11750754252263257,39.940287263363594,0.19945911599815364,21.33271108371666
es,descompuesto,descompuesto,,descriptive_words,0.21451340208246697,31.972912154796433,,
es,despierto,despierto,awake,descriptive_words,0.2496632100868366,27.849324756708672,,
es,diferente,diferente,different,descriptive_words,0.12648892675746418,43.05051449293726,0.41244110103118353,21.35570922015408
es,difícil,difícil,hard,descriptive_words,0.1542507626041056,37.9419237533779,0.4175744879179155,20.9104108656913
es,duro,duro,tough,descriptive_words,0.24676657027709473,27.692283466336836,,
es,enfermo,enfermo,sick,descriptive_words,0.283686863901613,28.463183363277395,0.2620203557113483,20.093928827131574
es,enojado,enojado,angry,descriptive_words,0.21982474385766448,28.104439177051606,0.18312555179466747,17.383134310080706
es,feliz,feliz,happy,descriptive_words,0.177974590343231,32.18665594327608,0.22860061627240985,18.172073360050593
es,feo,feo,ugly,descriptive_words,0.22490498253153854,25.442797763579346,0.23000850593930303,18.97055074544639
es,flaco,flaco,thin,descriptive_words,0.1702882726727386,33.855225177132695,,
es,frío,frío,cold,descriptive_words,0.2557449729563051,23.566244422355414,0.26848137948429085,16.319646191335103
es,fuchi,fuchi,yucky,descriptive_words,0.1769813854976778,22.453505833142337,0.2218637910095924,12.839434357404228
es,fuerte,fuerte,strong,descriptive_words,0.20488636109921335,31.397814225255154,,
es,gordo,gordo,fat,descriptive_words,0.21906767370663702,30.158684394080183,,
es,grande,grande,big,descriptive_words,0.2522622353744483,27.025791006004205,0.3213724844412232,20.45352773531297
es,guapo,guapo,cute,descriptive_words,0.17133450932308394,30.066825573542122,0.19945911599815364,21.33271108371666
es,hambre,hambre,hungry,descriptive_words,0.22191385453400628,26.260899338626256,0.21009853760231798,15.268217763162893
es,igual,igual,same,descriptive_words,0.167780084090617,35.28169129204831,0.43304085032533773,20.976896065230253
es,largo,largo,long,descriptive_words,0.17744962463089253,36.46502332613352,,
es,lento,lento,slow,descriptive_words,0.15455559738786326,37.5644040364433,,
es,limpio,limpio,clean (description),descriptive_words,0.2318060921543166,28.238887980286997,0.2533217558461257,19.29239344608789
es,linda,linda,cute,descriptive_words,0.1743356823133873,33.32278416342362,0.19945911599815364,21.33271108371666
es,lleno,lleno,full,descriptive_words,0.20980814622644808,31.08894151181732,0.2753220828742052,21.289666680858932
es,malo,malo,bad,descriptive_words,0.2323030035499073,28.16790473549186,0.3317640702437837,19.740678036606827
es,mejor,mejor,better,descriptive_words,0.21542392034277566,33.78859313806404,,
es,mojado,mojado,wet (description),descriptive_words,0.253081110757708,26.230304860697455,,
es,morado,morado,purple,descriptive_words,0.18501418036790115,34.995400047604164,,
es,negro,negro,black,descriptive_words,0.23005099926975978,30.805537605953678,,
es,nuevo,nuevo,new,descriptive_words,0.231280751810502,29.657238469134196,0.38436339292798666,20.30141020108127
es,oscuro,oscuro,dark,descriptive_words,0.20576251621760525,31.8011360631339,0.2431625243909426,20.977435542017822
es,pegajoso,pegajoso,sticky,descriptive_words,0.10506383518590175,47.67766961034439,,
es,peligroso,peligroso,dangerous,descriptive_words,0.13192985078533245,41.574573604358356,,
es,pesado,pesado,heavy,descriptive_words,0.2256991971910187,29.628151488053273,0.36300986376167693,19.61831934405946
es,pobre,pobre,poor,descriptive_words,0.1483989237313429,38.31740837544629,,
es,primero,primero,first,descriptive_words,0.248439096236124,30.75778843644728,,
es,rápido (descriptive),rápido,fast,descriptive_words,0.21919520066476192,29.324450539241294,,
es,rojo,rojo,red,descriptive_words,0.2198371562827671,27.97922914339105,0.3036379786481686,22.83913476140409
es,rosa,rosa,pink,descriptive_words,0.2350125380138791,31.013755580095733,,
es,roto,roto,broken,descriptive_words,0.24602889101732137,28.228664791181917,0.4376622875567544,19.608519063181728
es,ruidoso,ruidoso,noisy,descriptive_words,0.10487368305307548,46.46772461137438,,
es,seco,seco,dry (description),descriptive_words,0.2473854296471448,30.41800931472225,,
es,suave,suave,soft,descriptive_words,0.1419568831776305,37.170906831404274,0.3152812947115127,21.28573150228576
es,sucio,sucio,dirty,descriptive_words,0.24490560305655332,25.6216190182537,0.2578622754197819,18.174992059495903
es,tonto,tonto,silly,descriptive_words,0.1758793495649201,29.604089133442923,,
es,tranquilo,tranquilo,quiet,descriptive_words,0.11035263691410838,46.64869318717838,,
es,travieso,travieso,naughty,descriptive_words,0.1913206798051537,32.21626889211441,,
es,triste,triste,sad,descriptive_words,0.20381413424959324,31.624181378644334,0.24665127948589013,21.99412728680953
es,último,último,last,descriptive_words,0.16819894544485153,37.72080906253846,,
es,vacío,vacío,empty,descriptive_words,0.1455407770735908,36.49086164759991,0.4047306460307376,19.891721525967423
es,verde,verde,green,descriptive_words,0.19538465645023825,30.623735040439726,0.35722167032887786,22.048076455031197
es,viejo,viejo,old,descriptive_words,0.1711049885717497,33.87838620899385,0.35065644956675635,21.770312425275826
es,al rato,al rato,later,time_words,0.2396478292731891,30.146435102408486,,
es,antes,antes,before,time_words,0.11923163169731735,45.70714219241214,,
es,ayer,ayer,yesterday,time_words,0.16865864716893708,34.57738388611046,0.40428600099009954,21.40542039255518
es,después,después,after,time_words,0.16105139688220238,36.151577176960316,0.3212287818036442,20.925179874680058
es,día,día,day,time_words,0.17493602562769117,31.193497297883617,0.2943111257466206,19.882679906836604
es,en la mañana,en la mañana,morning,time_words,0.21266853733788138,31.52103841956417,,
es,en la noche,en la noche,night,time_words,0.234667028721916,30.99326784554854,0.2434271933800008,18.720360608218662
es,en la tarde,en la tarde,afternoon,time_words,0.1992339162630885,34.42999738635545,,
es,hoy,hoy,today,time_words,0.14761152258827573,33.33727983858644,0.36860219617696344,20.397182327433317
es,mañana,mañana,tomorrow,time_words,0.20753303052766198,29.28978375842537,0.3354597201447383,21.37434572289182
es,noche,noche,night,time_words,0.19270230291298104,29.259440408100435,0.2434271933800008,18.720360608218662
es,aquel,aquel,that,pronouns,0.16555232096963426,33.03662423435486,0.2967485908511962,18.459238241811665
es,aquel,aquel,that,pronouns,0.16555232096963426,33.03662423435486,0.3050471374739108,20.099087168260393
es,aquel,aquel,that,pronouns,0.16555232096963426,33.03662423435486,0.2728128949105477,18.003898392106947
es,aquel,aquel,that,pronouns,0.16555232096963426,33.03662423435486,0.2642149447943361,17.30095393239732
es,aquel,aquel,that,pronouns,0.16555232096963426,33.03662423435486,0.26971683199801116,18.128921466609828
es,aquella,aquella,that,pronouns,0.14827934856531716,37.79520880746037,0.2967485908511962,18.459238241811665
es,aquella,aquella,that,pronouns,0.14827934856531716,37.79520880746037,0.3050471374739108,20.099087168260393
es,aquella,aquella,that,pronouns,0.14827934856531716,37.79520880746037,0.2728128949105477,18.003898392106947
es,aquella,aquella,that,pronouns,0.14827934856531716,37.79520880746037,0.2642149447943361,17.30095393239732
es,aquella,aquella,that,pronouns,0.14827934856531716,37.79520880746037,0.26971683199801116,18.128921466609828
es,aquellas,aquellas,those,pronouns,0.14838211043751678,41.00010332862542,0.3320215145977397,20.225579807026225
es,aquellas,aquellas,those,pronouns,0.14838211043751678,41.00010332862542,0.27743204290726614,20.90735045930235
es,aquellos,aquellos,those,pronouns,0.11556018488643342,45.52986730594721,0.3320215145977397,20.225579807026225
es,aquellos,aquellos,those,pronouns,0.11556018488643342,45.52986730594721,0.27743204290726614,20.90735045930235
es,él (pronouns),él,3SG,pronouns,0.20605834013407476,25.00317207304365,0.33614493354031394,20.525076854103713
es,él (pronouns),él,3SG,pronouns,0.20605834013407476,25.00317207304365,0.3733744052016859,20.180752984293242
es,él (pronouns),él,3SG,pronouns,0.20605834013407476,25.00317207304365,0.3954045612919513,20.312858104034973
es,ella,ella,3SG,pronouns,0.2283401404662041,27.250279368481614,0.33614493354031394,20.525076854103713
es,ella,ella,3SG,pronouns,0.2283401404662041,27.250279368481614,0.3733744052016859,20.180752984293242
es,ella,ella,3SG,pronouns,0.2283401404662041,27.250279368481614,0.3954045612919513,20.312858104034973
es,ellas,ellas,3PL,pronouns,0.21028751466215367,33.78995849709198,0.40617572671393726,20.60771833615552
es,ellos,ellos,3PL,pronouns,0.210041805676339,33.842682197109895,0.40617572671393726,20.60771833615552
es,esa,esa,that,pronouns,0.2061889259384085,26.273407720615733,0.2967485908511962,18.459238241811665
es,esa,esa,that,pronouns,0.2061889259384085,26.273407720615733,0.3050471374739108,20.099087168260393
es,esa,esa,that,pronouns,0.2061889259384085,26.273407720615733,0.2728128949105477,18.003898392106947
es,esa,esa,that,pronouns,0.2061889259384085,26.273407720615733,0.2642149447943361,17.30095393239732
es,esa,esa,that,pronouns,0.2061889259384085,26.273407720615733,0.26971683199801116,18.128921466609828
es,esas,esas,those,pronouns,0.19308578783717353,31.828062169999534,0.3320215145977397,20.225579807026225
es,esas,esas,those,pronouns,0.19308578783717353,31.828062169999534,0.27743204290726614,20.90735045930235
es,ese,ese,that,pronouns,0.19697605941626029,24.757698346129644,0.2967485908511962,18.459238241811665
es,ese,ese,that,pronouns,0.19697605941626029,24.757698346129644,0.3050471374739108,20.099087168260393
es,ese,ese,that,pronouns,0.19697605941626029,24.757698346129644,0.2728128949105477,18.003898392106947
es,ese,ese,that,pronouns,0.19697605941626029,24.757698346129644,0.2642149447943361,17.30095393239732
es,ese,ese,that,pronouns,0.19697605941626029,24.757698346129644,0.26971683199801116,18.128921466609828
es,eso,eso,that,pronouns,0.195544241366446,27.48848365615597,0.2967485908511962,18.459238241811665
es,eso,eso,that,pronouns,0.195544241366446,27.48848365615597,0.3050471374739108,20.099087168260393
es,eso,eso,that,pronouns,0.195544241366446,27.48848365615597,0.2728128949105477,18.003898392106947
es,eso,eso,that,pronouns,0.195544241366446,27.48848365615597,0.2642149447943361,17.30095393239732
es,eso,eso,that,pronouns,0.195544241366446,27.48848365615597,0.26971683199801116,18.128921466609828
es,esos,esos,those,pronouns,0.19007440323150768,32.521402477801026,0.3320215145977397,20.225579807026225
es,esos,esos,those,pronouns,0.19007440323150768,32.521402477801026,0.27743204290726614,20.90735045930235
es,ésta,ésta,this,pronouns,0.19615074146840356,26.789114928832785,0.2544688554477368,18.980159419448448
es,ésta,ésta,this,pronouns,0.19615074146840356,26.789114928832785,0.23942442735841304,18.96521699823088
es,ésta,ésta,this,pronouns,0.19615074146840356,26.789114928832785,0.26966840640142303,19.66918331896846
es,éstas,éstas,these,pronouns,0.1689540186266169,33.9001170351234,0.29641581671208495,20.67609039084065
es,éstas,éstas,these,pronouns,0.1689540186266169,33.9001170351234,0.2681371665029046,21.862000972552163
es,éste,éste,this,pronouns,0.18274798925026262,26.077395154272917,0.2544688554477368,18.980159419448448
es,éste,éste,this,pronouns,0.18274798925026262,26.077395154272917,0.23942442735841304,18.96521699823088
es,éste,éste,this,pronouns,0.18274798925026262,26.077395154272917,0.26966840640142303,19.66918331896846
es,esto,esto,this,pronouns,0.1707015828097291,31.626671123006453,0.2544688554477368,18.980159419448448
es,esto,esto,this,pronouns,0.1707015828097291,31.626671123006453,0.23942442735841304,18.96521699823088
es,esto,esto,this,pronouns,0.1707015828097291,31.626671123006453,0.26966840640142303,19.66918331896846
es,éstos,éstos,these,pronouns,0.1571879749595427,35.26024831199371,0.29641581671208495,20.67609039084065
es,éstos,éstos,these,pronouns,0.1571879749595427,35.26024831199371,0.2681371665029046,21.862000972552163
es,le,le,3SG,pronouns,0.20344250442188702,30.386884282571017,0.33614493354031394,20.525076854103713
es,le,le,3SG,pronouns,0.20344250442188702,30.386884282571017,0.3733744052016859,20.180752984293242
es,le,le,3SG,pronouns,0.20344250442188702,30.386884282571017,0.3954045612919513,20.312858104034973
es,les,les,3PL,pronouns,0.17662023474313301,34.39593965719252,0.40617572671393726,20.60771833615552
es,lo,lo,3SG,pronouns,0.1804321067798114,31.746939716618073,0.33614493354031394,20.525076854103713
es,lo,lo,3SG,pronouns,0.1804321067798114,31.746939716618073,0.3733744052016859,20.180752984293242
es,lo,lo,3SG,pronouns,0.1804321067798114,31.746939716618073,0.3954045612919513,20.312858104034973
es,me,me,1SG,pronouns,0.17087191378788308,28.51452776291734,0.2796136693311614,16.948662545576465
es,me,me,1SG,pronouns,0.17087191378788308,28.51452776291734,0.27186611633814844,18.31754229933397
es,me,me,1SG,pronouns,0.17087191378788308,28.51452776291734,0.30342362792798,20.031462618122692
es,me,me,1SG,pronouns,0.17087191378788308,28.51452776291734,0.23394637776305174,17.454451935879526
es,mí,mí,1SG.POSS,pronouns,0.1346231290138246,23.921279373929757,0.23725814284553956,16.806057102609792
es,mí,mí,1SG.POSS,pronouns,0.1346231290138246,23.921279373929757,0.2982828073308796,20.569983611465762
es,mí,mí,1SG.POSS,pronouns,0.1346231290138246,23.921279373929757,0.23764348905919006,15.182958319833462
es,mí,mí,1SG.POSS,pronouns,0.1346231290138246,23.921279373929757,0.31749440283681724,20.571275848867383
es,mía,mía,1SG.POSS,pronouns,0.21780616881265696,22.797441473628503,0.23725814284553956,16.806057102609792
es,mía,mía,1SG.POSS,pronouns,0.21780616881265696,22.797441473628503,0.2982828073308796,20.569983611465762
es,mía,mía,1SG.POSS,pronouns,0.21780616881265696,22.797441473628503,0.23764348905919006,15.182958319833462
es,mía,mía,1SG.POSS,pronouns,0.21780616881265696,22.797441473628503,0.31749440283681724,20.571275848867383
es,mías,mías,1SG.POSS,pronouns,0.19479076267308723,30.100569569515404,0.23725814284553956,16.806057102609792
es,mías,mías,1SG.POSS,pronouns,0.19479076267308723,30.100569569515404,0.2982828073308796,20.569983611465762
es,mías,mías,1SG.POSS,pronouns,0.19479076267308723,30.100569569515404,0.23764348905919006,15.182958319833462
es,mías,mías,1SG.POSS,pronouns,0.19479076267308723,30.100569569515404,0.31749440283681724,20.571275848867383
es,mío,mío,1SG.POSS,pronouns,0.25738861946055996,20.443397320689126,0.23725814284553956,16.806057102609792
es,mío,mío,1SG.POSS,pronouns,0.25738861946055996,20.443397320689126,0.2982828073308796,20.569983611465762
es,mío,mío,1SG.POSS,pronouns,0.25738861946055996,20.443397320689126,0.23764348905919006,15.182958319833462
es,mío,mío,1SG.POSS,pronouns,0.25738861946055996,20.443397320689126,0.31749440283681724,20.571275848867383
es,míos,míos,1SG.POSS,pronouns,0.21515923345421242,29.654758512673666,0.23725814284553956,16.806057102609792
es,míos,míos,1SG.POSS,pronouns,0.21515923345421242,29.654758512673666,0.2982828073308796,20.569983611465762
es,míos,míos,1SG.POSS,pronouns,0.21515923345421242,29.654758512673666,0.23764348905919006,15.182958319833462
es,míos,míos,1SG.POSS,pronouns,0.21515923345421242,29.654758512673666,0.31749440283681724,20.571275848867383
es,nosotros,nosotros,1PL,pronouns,0.17061199813998984,36.73557540077233,0.2975076696200611,21.211466675853853
es,nosotros,nosotros,1PL,pronouns,0.17061199813998984,36.73557540077233,0.32201303917109114,20.969990619138468
es,nuestro,nuestro,1PL.POSS,pronouns,0.1481947928673029,40.98431306007844,,
es,se,se,REFL,pronouns,0.17809308595993412,32.2246919632424,0.39412412874728886,20.481385965288204
es,su,su,3SG.POSS,pronouns,0.21083777359649708,31.398901281716476,,
es,suya,suya,3SG.POSS,pronouns,0.23326472876242513,30.6569743734065,,
es,suyas,suyas,3SG.POSS,pronouns,0.20052625521786205,34.89406180585616,,
es,suyo,suyo,3SG.POSS,pronouns,0.22459758785728065,31.018478686932013,,
es,suyos,suyos,3SG.POSS,pronouns,0.21524707691984518,34.454674430230085,,
es,te (pronouns),te,2SG,pronouns,0.16851773743276058,29.782181444820772,0.34857691295641907,19.852239200481375
es,te (pronouns),te,2SG,pronouns,0.16851773743276058,29.782181444820772,0.1964772471569589,17.98968213972419
es,tí,tí,2SG,pronouns,0.13516331335787243,32.27580393519429,0.34857691295641907,19.852239200481375
es,tí,tí,2SG,pronouns,0.13516331335787243,32.27580393519429,0.1964772471569589,17.98968213972419
es,tú,tú,2SG,pronouns,0.21386680565703578,23.242044135757446,0.34857691295641907,19.852239200481375
es,tú,tú,2SG,pronouns,0.21386680565703578,23.242044135757446,0.1964772471569589,17.98968213972419
es,tuya,tuya,2SG.POSS,pronouns,0.2514704704954152,27.18226778098689,0.2128243476021668,20.025120249798196
es,tuya,tuya,2SG.POSS,pronouns,0.2514704704954152,27.18226778098689,0.2808296890434626,21.26043527450962
es,tuya,tuya,2SG.POSS,pronouns,0.2514704704954152,27.18226778098689,0.19079672861171978,20.13396780457973
es,tuya,tuya,2SG.POSS,pronouns,0.2514704704954152,27.18226778098689,0.3116560432165059,20.47866616129421
es,tuyas,tuyas,2SG.POSS,pronouns,0.21565526653109224,31.84596292282432,0.2128243476021668,20.025120249798196
es,tuyas,tuyas,2SG.POSS,pronouns,0.21565526653109224,31.84596292282432,0.2808296890434626,21.26043527450962
es,tuyas,tuyas,2SG.POSS,pronouns,0.21565526653109224,31.84596292282432,0.19079672861171978,20.13396780457973
es,tuyas,tuyas,2SG.POSS,pronouns,0.21565526653109224,31.84596292282432,0.3116560432165059,20.47866616129421
es,tuyo,tuyo,2SG.POSS,pronouns,0.24775760181953924,27.064772622650153,0.2128243476021668,20.025120249798196
es,tuyo,tuyo,2SG.POSS,pronouns,0.24775760181953924,27.064772622650153,0.2808296890434626,21.26043527450962
es,tuyo,tuyo,2SG.POSS,pronouns,0.24775760181953924,27.064772622650153,0.19079672861171978,20.13396780457973
es,tuyo,tuyo,2SG.POSS,pronouns,0.24775760181953924,27.064772622650153,0.3116560432165059,20.47866616129421
es,tuyos,tuyos,2SG.POSS,pronouns,0.2219695993268323,31.539627621525522,0.2128243476021668,20.025120249798196
es,tuyos,tuyos,2SG.POSS,pronouns,0.2219695993268323,31.539627621525522,0.2808296890434626,21.26043527450962
es,tuyos,tuyos,2SG.POSS,pronouns,0.2219695993268323,31.539627621525522,0.19079672861171978,20.13396780457973
es,tuyos,tuyos,2SG.POSS,pronouns,0.2219695993268323,31.539627621525522,0.3116560432165059,20.47866616129421
es,yo,yo,1SG,pronouns,0.23357239892088733,22.0013655956108,0.2796136693311614,16.948662545576465
es,yo,yo,1SG,pronouns,0.23357239892088733,22.0013655956108,0.27186611633814844,18.31754229933397
es,yo,yo,1SG,pronouns,0.23357239892088733,22.0013655956108,0.30342362792798,20.031462618122692
es,yo,yo,1SG,pronouns,0.23357239892088733,22.0013655956108,0.23394637776305174,17.454451935879526
es,cómo,cómo,how,question_words,0.18587414654774098,30.95092732668757,0.3386316856181101,19.800767288003165
es,cuál,cuál,which (question),question_words,0.21006934523730894,30.376214750337837,0.26992108888305805,18.36993867086372
es,cuándo,cuándo,when (question),question_words,0.20493674303931184,34.361373213909054,,
es,dónde,dónde,where (question),question_words,0.20801139763071894,28.144105145411604,0.19946244647321162,12.280256131607322
es,por qué,por qué,why,question_words,0.1994808191430539,29.107370169918322,0.2555693329412595,21.46293072543834
es,qué (question_words),qué,what,question_words,0.19599401817221546,24.215003930337804,0.23730182240641567,17.35093568858599
es,quién,quién,who,question_words,0.20733273162714597,28.875439189701318,0.22968791287056364,17.35896661635446
es,a,a,to,prepositions,0.1017724428890889,24.06889320794797,,
es,con,con,with,prepositions,0.2558713242065559,29.049899005913723,,
es,de,de,of,prepositions,0.20540958945919827,29.516612454671645,0.318764653421463,19.515823791174544
es,el (propositions),el,the,prepositions,0.2239367581626645,26.52253945149736,0.23990375810973516,18.012335070407083
es,el (propositions),el,the,prepositions,0.2239367581626645,26.52253945149736,0.2855554575253218,18.595056925173193
es,el (propositions),el,the,prepositions,0.2239367581626645,26.52253945149736,0.27284890336203826,21.007103159908226
es,el (propositions),el,the,prepositions,0.2239367581626645,26.52253945149736,0.253137332750709,21.119051890313422
es,en,en,in,prepositions,0.21101956711857847,29.766652128261793,0.3100075321007831,19.79850529071418
es,entre,entre,between,prepositions,0.08660528618349086,54.339235260732984,,
es,la,la,the,prepositions,0.22118912191287157,26.552517195295994,0.23990375810973516,18.012335070407083
es,la,la,the,prepositions,0.22118912191287157,26.552517195295994,0.2855554575253218,18.595056925173193
es,la,la,the,prepositions,0.22118912191287157,26.552517195295994,0.27284890336203826,21.007103159908226
es,la,la,the,prepositions,0.22118912191287157,26.552517195295994,0.253137332750709,21.119051890313422
es,las,las,the,prepositions,0.18491370917667851,32.084444586165006,0.23990375810973516,18.012335070407083
es,las,las,the,prepositions,0.18491370917667851,32.084444586165006,0.2855554575253218,18.595056925173193
es,las,las,the,prepositions,0.18491370917667851,32.084444586165006,0.27284890336203826,21.007103159908226
es,las,las,the,prepositions,0.18491370917667851,32.084444586165006,0.253137332750709,21.119051890313422
es,los,los,the,prepositions,0.21295076944823157,30.235654875335282,0.23990375810973516,18.012335070407083
es,los,los,the,prepositions,0.21295076944823157,30.235654875335282,0.2855554575253218,18.595056925173193
es,los,los,the,prepositions,0.21295076944823157,30.235654875335282,0.27284890336203826,21.007103159908226
es,los,los,the,prepositions,0.21295076944823157,30.235654875335282,0.253137332750709,21.119051890313422
es,para,para,for,prepositions,0.22238063986961812,30.858413863372576,0.2506449700668574,20.178052203669772
es,pero,pero,but,prepositions,0.20739259899662219,32.84257127592283,,
es,un,un,a,prepositions,0.19660219662744285,28.513789803991298,0.27468937661758913,19.853551081609535
es,un,un,a,prepositions,0.19660219662744285,28.513789803991298,0.2620205773655092,19.368463249396
es,un,un,a,prepositions,0.19660219662744285,28.513789803991298,0.28944617765635156,21.34056373672789
es,un,un,a,prepositions,0.19660219662744285,28.513789803991298,0.24378867744127516,22.47693042605454
es,una,una,a,prepositions,0.2067738653004564,26.16689175744597,0.27468937661758913,19.853551081609535
es,una,una,a,prepositions,0.2067738653004564,26.16689175744597,0.2620205773655092,19.368463249396
es,una,una,a,prepositions,0.2067738653004564,26.16689175744597,0.28944617765635156,21.34056373672789
es,una,una,a,prepositions,0.2067738653004564,26.16689175744597,0.24378867744127516,22.47693042605454
es,unas,unas,some,prepositions,0.21629848737942922,32.18681150312206,,
es,unos,unos,some,prepositions,0.17464083615461923,33.258830742646644,,
es,así,así,so,quantifiers,0.20002752339241753,25.792702898317437,,
es,bien,bien,well (modifier),quantifiers,0.1954657897619216,27.396919297148163,,
es,despacio,despacio,slowly,quantifiers,0.19288533872221894,33.43175774221288,,
es,mal,mal,wrong,quantifiers,0.18613852621179414,29.549143773088115,,
es,más,más,more,quantifiers,0.25706959757433456,18.864566961261442,0.2462488339406309,13.015770226360674
es,mucho,mucho,a lot,quantifiers,0.2382556219985178,26.37739337319256,0.36571134428243574,18.98333069192691
es,nada,nada,nothing,quantifiers,0.17722192702524783,29.331319951009572,0.29362842837406394,18.53440022440695
es,no,no,,quantifiers,0.10666621383326563,8.171059127545176,,
es,no hay,no hay,none,quantifiers,0.2362798567296736,23.261058739400728,0.21613192714246665,13.73518996841042
es,rápido (quantifiers),rápido,quickly,quantifiers,0.2660449053110843,28.33395450940926,,
es,sí,sí,yes,quantifiers,0.28328902535572154,16.517845589239162,0.2757993864722802,10.386911212347833
es,todo,todo,all,quantifiers,0.2507505868766924,26.80213603585438,0.28485294488174445,18.80065665997645
es,ya,ya,already,quantifiers,0.2449639930656587,19.540869911076737,0.18907562840450984,16.116793294512405
es,abajo,abajo,down,locations,0.25878778334798513,24.617792456652452,0.2970551758548562,14.805346090980605
es,adentro,adentro,inside,locations,0.22784049920865498,27.9781184263962,0.27030394485060666,16.130750959939608
es,afuera,afuera,out,locations,0.23507360552113044,26.32187668118807,0.34369356156324127,15.529302592403083
es,ahí,ahí,there,locations,0.2008389736904652,22.915581257172047,0.23437115104465225,14.997502511218846
es,ahí,ahí,there,locations,0.2008389736904652,22.915581257172047,0.22884016513359043,16.265891381999566
es,ahí,ahí,there,locations,0.2008389736904652,22.915581257172047,0.22884016513359043,16.265891381999566
es,allá,allá,there,locations,0.15506848417352742,23.517726135879382,0.23437115104465225,14.997502511218846
es,allá,allá,there,locations,0.15506848417352742,23.517726135879382,0.22884016513359043,16.265891381999566
es,allá,allá,there,locations,0.15506848417352742,23.517726135879382,0.22884016513359043,16.265891381999566
es,allí,allí,there,locations,0.13118821001854705,30.931132036172155,0.23437115104465225,14.997502511218846
es,allí,allí,there,locations,0.13118821001854705,30.931132036172155,0.22884016513359043,16.265891381999566
es,allí,allí,there,locations,0.13118821001854705,30.931132036172155,0.22884016513359043,16.265891381999566
es,aquí,aquí,here,locations,0.22363654762962212,23.99132197497028,0.2526763325299759,15.55891293644843
es,arriba,arriba,up,locations,0.23699364711473125,24.72989057417941,0.24138021764776618,14.558988815345403
es,atrás,atrás,back (location),locations,0.23620673429547437,29.25092438494211,0.3112380776105876,18.75539305528528
es,cerca,cerca,near,locations,0.18006412133738167,35.55039345083285,,
es,encima,encima,on,locations,0.1424771840109724,38.78833086244598,0.38007406672297556,19.664830727870307
es,enfrente,enfrente,in front,locations,0.1755812685740874,37.1214184474349,,
es,lejos,lejos,far,locations,0.2395120896359458,29.724507593443715,,
es,entonces,entonces,then,connecting_words,0.17040835951200284,36.43060181104492,,
es,luego,luego,later,connecting_words,0.234295583074996,32.652747535098015,,
es,o,o,or,connecting_words,0.07370240259486717,35.19908180516642,,
es,pues,pues,for,connecting_words,0.1684596183431255,37.70498817070738,0.2506449700668574,20.178052203669772
es,que (connection word),que,that,connecting_words,0.16555974394245113,26.835006614433194,0.2967485908511962,18.459238241811665
es,que (connection word),que,that,connecting_words,0.16555974394245113,26.835006614433194,0.3050471374739108,20.099087168260393
es,que (connection word),que,that,connecting_words,0.16555974394245113,26.835006614433194,0.2728128949105477,18.003898392106947
es,que (connection word),que,that,connecting_words,0.16555974394245113,26.835006614433194,0.2642149447943361,17.30095393239732
es,que (connection word),que,that,connecting_words,0.16555974394245113,26.835006614433194,0.26971683199801116,18.128921466609828
es,y,y,and,connecting_words,0.15866281150332998,28.798379590386837,,
es,bee/mee,bee,baa baa,sounds,0.10018268684515329,25.726679245981433,0.15509491842538234,17.818475453644044
es,bee/mee,bee,baa baa,sounds,0.10018268684515329,25.726679245981433,0.15509491842538234,17.818475453644044
es,bee/mee,mee,baa baa,sounds,0.10018268684515329,25.726679245981433,0.15509491842538234,17.818475453644044
es,bee/mee,mee,baa baa,sounds,0.10018268684515329,25.726679245981433,0.15509491842538234,17.818475453644044
es,carro/coche,carro,car,vehicles,0.250594264435062,19.312580002659637,0.27397535461890354,10.599962743427309
es,carro/coche,carro,car,vehicles,0.250594264435062,19.312580002659637,0.27397535461890354,10.599962743427309
es,carro/coche,coche,car,vehicles,0.250594264435062,19.312580002659637,0.27397535461890354,10.599962743427309
es,carro/coche,coche,car,vehicles,0.250594264435062,19.312580002659637,0.27397535461890354,10.599962743427309
es,camión/troca,camión,truck,vehicles,0.19430437546015017,27.230762847569228,0.2652097175975636,18.72616003567681
es,camión/troca,camión,truck,vehicles,0.19430437546015017,27.230762847569228,0.2652097175975636,18.72616003567681
es,camión/troca,troca,truck,vehicles,0.19430437546015017,27.230762847569228,0.2652097175975636,18.72616003567681
es,camión/troca,troca,truck,vehicles,0.19430437546015017,27.230762847569228,0.2652097175975636,18.72616003567681
es,helado/nieve,helado,ice cream,food_drink,0.2190591910668015,25.940335762404526,0.296533679575834,18.327041406650007
es,helado/nieve,helado,ice cream,food_drink,0.2190591910668015,25.940335762404526,0.296533679575834,18.327041406650007
es,helado/nieve,nieve,ice cream,food_drink,0.2190591910668015,25.940335762404526,0.296533679575834,18.327041406650007
es,helado/nieve,nieve,ice cream,food_drink,0.2190591910668015,25.940335762404526,0.296533679575834,18.327041406650007
es,cacahuete/maní,cacahuete,peanut,food_drink,0.22655756715473735,28.173002334682494,,
es,cacahuete/maní,maní,peanut,food_drink,0.22655756715473735,28.173002334682494,,
es,plátano/banana,plátano,banana,food_drink,0.23774881275774057,21.927727594054883,0.2078069032717422,13.138113772612964
es,plátano/banana,plátano,banana,food_drink,0.23774881275774057,21.927727594054883,0.2078069032717422,13.138113772612964
es,plátano/banana,banana,banana,food_drink,0.23774881275774057,21.927727594054883,0.2078069032717422,13.138113772612964
es,plátano/banana,banana,banana,food_drink,0.23774881275774057,21.927727594054883,0.2078069032717422,13.138113772612964
es,soda/refresco,soda,soda,food_drink,0.18373517279929114,22.34679894199152,0.258905913355629,14.254674702225175
es,soda/refresco,soda,soda,food_drink,0.18373517279929114,22.34679894199152,0.258905913355629,14.254674702225175
es,soda/refresco,refresco,soda,food_drink,0.18373517279929114,22.34679894199152,0.258905913355629,14.254674702225175
es,soda/refresco,refresco,soda,food_drink,0.18373517279929114,22.34679894199152,0.258905913355629,14.254674702225175
es,torta/lonche,torta,sandwich,food_drink,0.21626714740666428,29.30588975122438,,
es,torta/lonche,lonche,sandwich,food_drink,0.21626714740666428,29.30588975122438,,
es,chichi/pecho,chichi,breast,body_parts,0.16466381582436665,23.973988670877254,0.11059042606547294,18.063671395647127
es,chichi/pecho,chichi,breast,body_parts,0.16466381582436665,23.973988670877254,0.11059042606547294,18.063671395647127
es,chichi/pecho,pecho,breast,body_parts,0.16466381582436665,23.973988670877254,0.11059042606547294,18.063671395647127
es,chichi/pecho,pecho,breast,body_parts,0.16466381582436665,23.973988670877254,0.11059042606547294,18.063671395647127
es,garganta/anginas,garganta,throat,body_parts,0.23705368435797672,29.838076666219497,,
es,garganta/anginas,anginas,throat,body_parts,0.23705368435797672,29.838076666219497,,
es,globo/bomba,globo,balloon,toys,0.22123341187949064,19.54641066258673,0.2631588083544422,11.164516666061516
es,globo/bomba,globo,balloon,toys,0.22123341187949064,19.54641066258673,0.2631588083544422,11.164516666061516
es,globo/bomba,bomba,balloon,toys,0.22123341187949064,19.54641066258673,0.2631588083544422,11.164516666061516
es,globo/bomba,bomba,balloon,toys,0.22123341187949064,19.54641066258673,0.2631588083544422,11.164516666061516
es,hoja/papel,hoja,paper,toys,0.2466763236337306,22.845019257754576,0.2791011205390076,14.737730525110159
es,hoja/papel,papel,paper,toys,0.2701185555376157,22.947647648722892,0.2791011205390076,14.737730525110159
es,pluma/plumones,pluma,pen,toys,0.2006798024830667,27.26615155899089,,
es,pluma/plumones,plumones,pen,toys,0.2006798024830667,27.26615155899089,,
es,botella/mamila,botella,bottle,household,0.17812526994828543,21.597194053181028,0.1965281379423045,9.656041542154478
es,botella/mamila,botella,bottle,household,0.17812526994828543,21.597194053181028,0.1965281379423045,9.656041542154478
es,botella/mamila,mamila,bottle,household,0.17812526994828543,21.597194053181028,0.1965281379423045,9.656041542154478
es,botella/mamila,mamila,bottle,household,0.17812526994828543,21.597194053181028,0.1965281379423045,9.656041542154478
es,chupón/chupete,chupón,pacifier,household,0.18478932315032717,25.72478726238504,0.15438066699752404,16.99913576399153
es,chupón/chupete,chupón,pacifier,household,0.18478932315032717,25.72478726238504,0.15438066699752404,16.99913576399153
es,chupón/chupete,chupete,pacifier,household,0.18478932315032717,25.72478726238504,0.15438066699752404,16.99913576399153
es,chupón/chupete,chupete,pacifier,household,0.18478932315032717,25.72478726238504,0.15438066699752404,16.99913576399153
es,alberca/piscina,alberca,pool,outside,0.1809782359059181,30.523591805399445,0.22299544831817064,22.140864606595173
es,alberca/piscina,alberca,pool,outside,0.1809782359059181,30.523591805399445,0.22299544831817064,22.140864606595173
es,alberca/piscina,piscina,pool,outside,0.1809782359059181,30.523591805399445,0.22299544831817064,22.140864606595173
es,alberca/piscina,piscina,pool,outside,0.1809782359059181,30.523591805399445,0.22299544831817064,22.140864606595173
es,viento/aire,viento,wind,outside,0.18267114970370704,27.66002275251435,,
es,viento/aire,aire,wind,outside,0.18267114970370704,27.66002275251435,,
es,cochera/garage,cochera,garage,furniture_rooms,0.1465037020051016,36.628166054805135,0.4504955455331435,19.90236310371323
es,cochera/garage,cochera,garage,furniture_rooms,0.1465037020051016,36.628166054805135,0.4504955455331435,19.90236310371323
es,cochera/garage,garage,garage,furniture_rooms,0.15676705662926346,36.089673992947716,0.4504955455331435,19.90236310371323
es,cochera/garage,garage,garage,furniture_rooms,0.15676705662926346,36.089673992947716,0.4504955455331435,19.90236310371323
es,regadera/ducha,regadera,shower,furniture_rooms,0.22098768748703046,28.718977704055785,0.1672913045174744,18.36155298281921
es,regadera/ducha,regadera,shower,furniture_rooms,0.22098768748703046,28.718977704055785,0.1672913045174744,18.36155298281921
es,regadera/ducha,ducha,shower,furniture_rooms,0.22098768748703046,28.718977704055785,0.1672913045174744,18.36155298281921
es,regadera/ducha,ducha,shower,furniture_rooms,0.22098768748703046,28.718977704055785,0.1672913045174744,18.36155298281921
es,ropero/closet,ropero,closet,furniture_rooms,0.21389708855086514,29.400762336934097,0.3352470513483417,18.104446932537293
es,ropero/closet,ropero,closet,furniture_rooms,0.21389708855086514,29.400762336934097,0.3352470513483417,18.104446932537293
es,ropero/closet,closet,closet,furniture_rooms,0.21389708855086514,29.400762336934097,0.3352470513483417,18.104446932537293
es,ropero/closet,closet,closet,furniture_rooms,0.21389708855086514,29.400762336934097,0.3352470513483417,18.104446932537293
es,hospital/clínica,hospital,hospital,places,0.1589743564620564,34.81328349746253,,
es,hospital/clínica,clínica,hospital,places,0.1589743564620564,34.81328349746253,,
es,iglesia/templo,iglesia,church,places,0.1896843488681721,29.507786083320852,0.35405756184595166,19.16383753194579
es,iglesia/templo,iglesia,church,places,0.1896843488681721,29.507786083320852,0.35405756184595166,19.16383753194579
es,iglesia/templo,templo,church,places,0.1896843488681721,29.507786083320852,0.35405756184595166,19.16383753194579
es,iglesia/templo,templo,church,places,0.1896843488681721,29.507786083320852,0.35405756184595166,19.16383753194579
es,tienda/mercado,tienda,market,places,0.20712706155312344,24.70904483402095,,
es,tienda/mercado,mercado,market,places,0.20712706155312344,24.70904483402095,,
es,adíos/byebye,adíos,bye,games_routines,0.2203476100892575,16.990851527375696,0.20294669818255331,5.520653225030092
es,adíos/byebye,adíos,bye,games_routines,0.2203476100892575,16.990851527375696,0.20294669818255331,5.520653225030092
es,adíos/byebye,byebye,bye,games_routines,0.2203476100892575,16.990851527375696,0.20294669818255331,5.520653225030092
es,adíos/byebye,byebye,bye,games_routines,0.2203476100892575,16.990851527375696,0.20294669818255331,5.520653225030092
es,miedo/susto,miedo,scared,descriptive_words,0.23173553566441554,26.663482279917865,0.2739541466415324,19.289501944471585
es,miedo/susto,susto,scared,descriptive_words,0.23888679422427392,26.676749742537204,0.2739541466415324,19.289501944471585
es,ahorita/ahora,ahorita,now,time_words,0.22522617559944091,27.68762876544187,0.22996425796310574,18.461834345150688
es,ahorita/ahora,ahorita,now,time_words,0.22522617559944091,27.68762876544187,0.22996425796310574,18.461834345150688
es,ahorita/ahora,ahora,now,time_words,0.22522617559944091,27.68762876544187,0.22996425796310574,18.461834345150688
es,ahorita/ahora,ahora,now,time_words,0.22522617559944091,27.68762876544187,0.22996425796310574,18.461834345150688
es,otro/otra vez,otro,again,quantifiers,0.22383793923411022,24.921983752043918,0.19993174183962836,16.277408974599233
es,otro/otra vez,otro,again,quantifiers,0.22383793923411022,24.921983752043918,0.19993174183962836,16.277408974599233
es,otro/otra vez,otra vez,again,quantifiers,0.22383793923411022,24.921983752043918,0.19993174183962836,16.277408974599233
es,otro/otra vez,otra vez,again,quantifiers,0.22383793923411022,24.921983752043918,0.19993174183962836,16.277408974599233
es,poco/poquito,poco,little (amount),quantifiers,0.24100751969812148,27.19332683828278,,
es,poco/poquito,poquito,little (amount),quantifiers,0.24100751969812148,27.19332683828278,,
es,ir(se),ir,go,action_words,0.19016798000679472,24.695583671097715,0.25093748810247735,15.72924227541147
es,ir(se),ir,go,action_words,0.19016798000679472,24.695583671097715,0.25093748810247735,15.72924227541147
es,lastimar(se),lastimar,hurt (action),action_words,0.195906134967745,30.96339980427956,0.3713064709771315,16.599345939407655
es,lavar(se),lavar,wash,action_words,0.23699739985986876,25.833814012501602,0.37560416139651404,15.913362166140898
es,lavar(se),lavar,wash,action_words,0.23699739985986876,25.833814012501602,0.37560416139651404,15.913362166140898
es,levantar(se),levantar,stand,action_words,0.20212140033268514,29.227495327102446,0.21008455234353807,14.358577765619412
es,levantar(se),levantar,stand,action_words,0.20212140033268514,29.227495327102446,0.21008455234353807,14.358577765619412
es,llevar(se),llevar,take,action_words,0.22371446749120005,29.074341773174698,0.30729677469099714,15.784117447716476
es,llevar(se),llevar,take,action_words,0.22371446749120005,29.074341773174698,0.3535043202418436,17.185041306672616
es,llevar(se),llevar,take,action_words,0.22371446749120005,29.074341773174698,0.26876303506841837,14.656351061203836
es,llevar(se),llevar,take,action_words,0.22371446749120005,29.074341773174698,0.3535043202418436,17.185041306672616
es,llevar(se),llevar,take,action_words,0.22371446749120005,29.074341773174698,0.26876303506841837,14.656351061203836
es,meter(se),meter,put,action_words,0.23638654508995838,27.88217437659803,0.3166340044755334,16.32802569700038
es,meter(se),meter,put,action_words,0.23638654508995838,27.88217437659803,0.3314419136546375,16.001543824907866
es,meter(se),meter,put,action_words,0.23638654508995838,27.88217437659803,0.3166340044755334,16.32802569700038
es,meter(se),meter,put,action_words,0.23638654508995838,27.88217437659803,0.3314419136546375,16.001543824907866
es,parar(se),parar,stand,action_words,0.20168162382985158,28.353906321987264,0.21008455234353807,14.358577765619412
es,parar(se),parar,stand,action_words,0.20168162382985158,28.353906321987264,0.21008455234353807,14.358577765619412
es,pegar(se),pegar,hit,action_words,0.23519593294187502,25.548374935272637,0.2725131478897945,14.244648421169165
es,pegar(se),pegar,hit,action_words,0.23519593294187502,25.548374935272637,0.2725131478897945,14.244648421169165
es,peinar(se),peinar,comb (action),action_words,0.2220535983310503,25.310168893189413,0.35053991780787125,12.14642934020959
es,peinar(se),peinar,comb (action),action_words,0.2220535983310503,25.310168893189413,0.35053991780787125,12.14642934020959
es,poner(se),poner,put,action_words,0.22681614396046845,26.93391482178427,0.3166340044755334,16.32802569700038
es,poner(se),poner,put,action_words,0.22681614396046845,26.93391482178427,0.3314419136546375,16.001543824907866
es,poner(se),poner,put,action_words,0.22681614396046845,26.93391482178427,0.3166340044755334,16.32802569700038
es,poner(se),poner,put,action_words,0.22681614396046845,26.93391482178427,0.3314419136546375,16.001543824907866
es,quedar(se),quedar,stay,action_words,0.270950682673806,29.180327944496582,,
es,quemar(se),quemar,burn,action_words,0.20315200018593968,29.27576255848694,,
es,quitar(se),quitar,remove,action_words,0.22463274640413403,27.154896177492976,,
es,salir(se),salir,leave,action_words,0.19932043193794974,27.192465256014856,,
es,sentar(se),sentar,sit,action_words,0.2207907130124163,25.70601086834743,0.2488962059901345,12.756012444873939
es,sentar(se),sentar,sit,action_words,0.2207907130124163,25.70601086834743,0.2488962059901345,12.756012444873939
es,subir(se),subir,climb,action_words,0.2226409344932654,25.53899821435248,0.3665090008867473,14.192708722028597
es,tomar(se),tomar,take,action_words,0.1958399161696104,28.01471294024124,0.30729677469099714,15.784117447716476
es,tomar(se),tomar,take,action_words,0.1958399161696104,28.01471294024124,0.3535043202418436,17.185041306672616
es,tomar(se),tomar,take,action_words,0.1958399161696104,28.01471294024124,0.26876303506841837,14.656351061203836
es,tomar(se),tomar,take,action_words,0.1958399161696104,28.01471294024124,0.3535043202418436,17.185041306672616
es,tomar(se),tomar,take,action_words,0.1958399161696104,28.01471294024124,0.26876303506841837,14.656351061203836
es,traer(se),traer,bring,action_words,0.2207752865528577,29.043859956232268,,
es,venir(se),venir,come,action_words,0.13566674827876082,27.343369198113706,,
es,ver(se),ver,see,action_words,0.20967142133185068,26.43468344435767,0.2296950236343603,14.725605470908333
es,acostar(se),acostar,lie down,action_words,0.2212974315189526,23.97312265093207,,
es,amarrar(se),amarrar,tie (action),action_words,0.2182006549506075,30.513983062505716,,
es,apurar(se),apurar,hurry,action_words,0.21532267926642248,29.774052440850216,0.3828093459910417,18.015820207256905
es,apurar(se),apurar,hurry,action_words,0.21532267926642248,29.774052440850216,0.3828093459910417,18.015820207256905
es,arreglar(se),arreglar,fix,action_words,0.20888018916819082,31.84007154456801,,
es,asustar(se),asustar,scared,action_words,0.20599923614902751,26.729487767208433,0.2739541466415324,19.289501944471585
es,bajar(se),bajar,lower (action),action_words,0.220615028480047,24.41227208989931,,
es,caer(se),caer,fall,action_words,0.21069687905361828,23.92023294440581,0.2992105318463728,14.687012911504683
es,caer(se),caer,fall,action_words,0.21069687905361828,23.92023294440581,0.2992105318463728,14.687012911504683
es,callar(se),callar,quiet (action),action_words,0.191665026208236,27.229827614238552,,
es,comer(se),comer,eat,action_words,0.23176390198513866,22.12727303822648,0.2292692364328612,9.743334991030734
es,comer(se),comer,eat,action_words,0.23176390198513866,22.12727303822648,0.2292692364328612,9.743334991030734
es,dormir(se),dormir,sleep,action_words,0.24724011323510017,22.810507227956514,0.23713450444274162,11.602357309863287
es,dormir(se),dormir,sleep,action_words,0.24724011323510017,22.810507227956514,0.23713450444274162,11.602357309863287
es,equivocar(se),equivocar,mistake,action_words,0.165143589671276,37.926143939847506,,
es,esconder(se),esconder,hide,action_words,0.23342716865365984,28.006499986455868,,
es,esperar(se),esperar,wait,action_words,0.20492976264983595,30.356167050854577,0.259699842214912,17.895185195808853
es,esperar(se),esperar,wait,action_words,0.20492976264983595,30.356167050854577,0.259699842214912,17.895185195808853
es,ir(se),irse,go,action_words,0.19016798000679472,24.695583671097715,0.25093748810247735,15.72924227541147
es,ir(se),irse,go,action_words,0.19016798000679472,24.695583671097715,0.25093748810247735,15.72924227541147
es,lastimar(se),lastimarse,hurt (action),action_words,0.195906134967745,30.96339980427956,0.3713064709771315,16.599345939407655
es,lavar(se),lavarse,wash,action_words,0.23699739985986876,25.833814012501602,0.37560416139651404,15.913362166140898
es,lavar(se),lavarse,wash,action_words,0.23699739985986876,25.833814012501602,0.37560416139651404,15.913362166140898
es,levantar(se),levantarse,stand,action_words,0.20212140033268514,29.227495327102446,0.21008455234353807,14.358577765619412
es,levantar(se),levantarse,stand,action_words,0.20212140033268514,29.227495327102446,0.21008455234353807,14.358577765619412
es,llevar(se),llevarse,take,action_words,0.22371446749120005,29.074341773174698,0.30729677469099714,15.784117447716476
es,llevar(se),llevarse,take,action_words,0.22371446749120005,29.074341773174698,0.3535043202418436,17.185041306672616
es,llevar(se),llevarse,take,action_words,0.22371446749120005,29.074341773174698,0.26876303506841837,14.656351061203836
es,llevar(se),llevarse,take,action_words,0.22371446749120005,29.074341773174698,0.3535043202418436,17.185041306672616
es,llevar(se),llevarse,take,action_words,0.22371446749120005,29.074341773174698,0.26876303506841837,14.656351061203836
es,meter(se),meterse,put,action_words,0.23638654508995838,27.88217437659803,0.3166340044755334,16.32802569700038
es,meter(se),meterse,put,action_words,0.23638654508995838,27.88217437659803,0.3314419136546375,16.001543824907866
es,meter(se),meterse,put,action_words,0.23638654508995838,27.88217437659803,0.3166340044755334,16.32802569700038
es,meter(se),meterse,put,action_words,0.23638654508995838,27.88217437659803,0.3314419136546375,16.001543824907866
es,parar(se),pararse,stand,action_words,0.20168162382985158,28.353906321987264,0.21008455234353807,14.358577765619412
es,parar(se),pararse,stand,action_words,0.20168162382985158,28.353906321987264,0.21008455234353807,14.358577765619412
es,pegar(se),pegarse,hit,action_words,0.23519593294187502,25.548374935272637,0.2725131478897945,14.244648421169165
es,pegar(se),pegarse,hit,action_words,0.23519593294187502,25.548374935272637,0.2725131478897945,14.244648421169165
es,peinar(se),peinarse,comb (action),action_words,0.2220535983310503,25.310168893189413,0.35053991780787125,12.14642934020959
es,peinar(se),peinarse,comb (action),action_words,0.2220535983310503,25.310168893189413,0.35053991780787125,12.14642934020959
es,poner(se),ponerse,put,action_words,0.22681614396046845,26.93391482178427,0.3166340044755334,16.32802569700038
es,poner(se),ponerse,put,action_words,0.22681614396046845,26.93391482178427,0.3314419136546375,16.001543824907866
es,poner(se),ponerse,put,action_words,0.22681614396046845,26.93391482178427,0.3166340044755334,16.32802569700038
es,poner(se),ponerse,put,action_words,0.22681614396046845,26.93391482178427,0.3314419136546375,16.001543824907866
es,quedar(se),quedarse,stay,action_words,0.270950682673806,29.180327944496582,,
es,quemar(se),quemarse,burn,action_words,0.20315200018593968,29.27576255848694,,
es,quitar(se),quitarse,remove,action_words,0.22463274640413403,27.154896177492976,,
es,salir(se),salirse,leave,action_words,0.19932043193794974,27.192465256014856,,
es,sentar(se),sentarse,sit,action_words,0.2207907130124163,25.70601086834743,0.2488962059901345,12.756012444873939
es,sentar(se),sentarse,sit,action_words,0.2207907130124163,25.70601086834743,0.2488962059901345,12.756012444873939
es,subir(se),subirse,climb,action_words,0.21351564127189235,25.57841445162757,0.3665090008867473,14.192708722028597
es,tomar(se),tomarse,take,action_words,0.1958399161696104,28.01471294024124,0.30729677469099714,15.784117447716476
es,tomar(se),tomarse,take,action_words,0.1958399161696104,28.01471294024124,0.3535043202418436,17.185041306672616
es,tomar(se),tomarse,take,action_words,0.1958399161696104,28.01471294024124,0.26876303506841837,14.656351061203836
es,tomar(se),tomarse,take,action_words,0.1958399161696104,28.01471294024124,0.3535043202418436,17.185041306672616
es,tomar(se),tomarse,take,action_words,0.1958399161696104,28.01471294024124,0.26876303506841837,14.656351061203836
es,traer(se),traerse,bring,action_words,0.2207752865528577,29.043859956232268,,
es,venir(se),venirse,come,action_words,0.13566674827876082,27.343369198113706,,
es,ver(se),verse,see,action_words,0.2099454914197481,26.481382847550154,0.2296950236343603,14.725605470908333
es,acostar(se),acostarse,lie down,action_words,0.2212974315189526,23.97312265093207,,
es,amarrar(se),amarrarse,tie (action),action_words,0.2182006549506075,30.513983062505716,,
es,apurar(se),apurarse,hurry,action_words,0.21532267926642248,29.774052440850216,0.3828093459910417,18.015820207256905
es,apurar(se),apurarse,hurry,action_words,0.21532267926642248,29.774052440850216,0.3828093459910417,18.015820207256905
es,arreglar(se),arreglarse,fix,action_words,0.20888018916819082,31.84007154456801,,
es,asustar(se),asustarse,scared,action_words,0.20599923614902751,26.729487767208433,0.2739541466415324,19.289501944471585
es,bajar(se),bajarse,lower (action),action_words,0.220615028480047,24.41227208989931,,
es,caer(se),caerse,fall,action_words,0.21069687905361828,23.92023294440581,0.2992105318463728,14.687012911504683
es,caer(se),caerse,fall,action_words,0.21069687905361828,23.92023294440581,0.2992105318463728,14.687012911504683
es,callar(se),callarse,quiet (action),action_words,0.191665026208236,27.229827614238552,,
es,comer(se),comerse,eat,action_words,0.23176390198513866,22.12727303822648,0.2292692364328612,9.743334991030734
es,comer(se),comerse,eat,action_words,0.23176390198513866,22.12727303822648,0.2292692364328612,9.743334991030734
es,dormir(se),dormirse,sleep,action_words,0.24724011323510017,22.810507227956514,0.23713450444274162,11.602357309863287
es,dormir(se),dormirse,sleep,action_words,0.24724011323510017,22.810507227956514,0.23713450444274162,11.602357309863287
es,equivocar(se),equivocarse,mistake,action_words,0.165143589671276,37.926143939847506,,
es,esconder(se),esconderse,hide,action_words,0.23342716865365984,28.006499986455868,,
es,esperar(se),esperarse,wait,action_words,0.20492976264983595,30.356167050854577,0.259699842214912,17.895185195808853
es,esperar(se),esperarse,wait,action_words,0.20492976264983595,30.356167050854577,0.259699842214912,17.895185195808853
es,(nombre del niño/a),(nombre del niño/a),child's own name,people,0.19789525511094314,22.053706959071867,0.1472131170543399,11.467454570636313
