token_clean,token,uni_lemma,category,l1,growth_rate_p,median_aoa_p,growth_rate_u,median_aoa_u
baa baa,baa baa,baa baa,sounds,en,0.16936158892744868,17.08506707697012,0.1686152132162145,12.388387704576868
choo choo,choo choo,choo choo,sounds,en,0.2946811370760096,19.796162597072684,0.2758380116352651,15.74175836306593
cockadoodledoo,cockadoodledoo,cockadoodledoo,sounds,en,0.18715739520575622,26.687818961390352,0.29266750577535317,17.79133517390515
grrr,grrr,grrr,sounds,en,0.18314440514631497,17.870706649857194,0.2733353669375942,14.06980519425049
meow,meow,meow,sounds,en,0.31236494962817046,17.454162428749363,0.2898290321388962,12.523577817127185
moo,moo,moo,sounds,en,0.32789796782711245,16.87754403788971,0.3284889808254244,13.658616095116317
ouch,ouch,ouch,sounds,en,0.2672872251426124,18.730825309910188,0.25566331691189087,13.417273875308675
quack quack,quack quack,quack quack,sounds,en,0.2582313799153256,18.627606279164628,0.3184498007719531,14.007871090651486
uh oh,uh oh,uh oh,sounds,en,0.35657665988134934,14.514391268710863,0.29689228858200806,10.406162159412906
vroom,vroom,vroom,sounds,en,0.1675037327321581,19.346577973616427,0.32290306906884053,14.307639790039188
woof woof,woof woof,woof woof,sounds,en,0.2827800139361099,16.3323197500422,0.32624443932913805,12.029016126474005
yum yum,yum yum,yum yum,sounds,en,0.1641612129566774,18.403975640621056,0.2075741949567423,11.247832792333574
alligator,alligator,alligator,animals,en,0.26302108810994196,26.538716769096077,,
animal,animal,animal,animals,en,0.2692138541694536,25.024418128159585,0.29120895633086075,17.443288044902438
ant,ant,ant,animals,en,0.23186358735034326,26.28088915089981,,
bear,bear,bear,animals,en,0.2621966548615628,20.533438748835408,0.3396153598155347,15.096124112764787
bee,bee,bee,animals,en,0.2604553487864016,22.00968256025717,0.35849615012038455,17.414139774387433
bird,bird,bird,animals,en,0.28362385690205116,18.56097874843971,0.3855971905991237,13.462913536471934
bug,bug,bug,animals,en,0.2570116223639844,22.946132107672682,0.325263283069797,17.95204221184939
bunny,bunny,bunny,animals,en,0.26638307934558375,21.504719283495152,0.32913178298993323,14.968567947346195
butterfly,butterfly,butterfly,animals,en,0.3059258017636821,23.488769492882994,0.3420366861482548,17.72671174045517
cat,cat,cat,animals,en,0.2772660247027743,18.337406653725626,0.30911199334758604,11.959125897187716
chicken,chicken (animal),chicken (animal),animals,en,0.28838266807306234,23.230891182173938,0.3373491662016548,16.809880716856878
cow,cow,cow,animals,en,0.2952607056381981,20.72434922905342,0.36932479611970115,14.572409316864407
deer,deer,deer,animals,en,0.20444611210757738,28.519121709871104,0.2844267860637672,20.93474443647855
dog,dog,dog,animals,en,0.31204672347501383,15.678054608578991,0.37291034471270146,10.032340775060733
donkey,donkey,donkey,animals,en,0.19395302265446182,30.53321220091781,0.2630778877506624,21.786917658182055
duck,duck,duck,animals,en,0.26083014171604535,18.59921936821059,0.36493598582055686,13.996323953827716
elephant,elephant,elephant,animals,en,0.31094130439694273,22.96507584797551,0.32526273267090966,16.951882521153756
fish,fish (animal),fish (animal),animals,en,0.29740461028008514,19.782891583736937,0.38103762368031807,15.100779345096452
frog,frog,frog,animals,en,0.3000746499313125,22.674766598725725,0.360971192544777,17.048455378967798
giraffe,giraffe,giraffe,animals,en,0.2614474668913734,24.7536799944883,0.30270013094128273,18.577968586302518
goose,goose,goose,animals,en,0.1929991327573539,29.823329019716166,0.2954700682119478,20.667024769753443
hen,hen,hen,animals,en,0.18015715812641947,34.15628218942444,,
horse,horse,horse,animals,en,0.3067309350901713,21.455228189913488,0.36924882514603813,15.646368503632626
kitty,kitty,kitty,animals,en,0.2060802028801916,20.23499239133227,0.27911200681376835,13.200359281318859
lamb,lamb,lamb,animals,en,0.20488770184929045,29.217660597143762,0.2610416869403411,19.64388176644905
lion,lion,lion,animals,en,0.2920355780469919,23.384482877090385,0.3271305743861113,17.10674702344256
monkey,monkey,monkey,animals,en,0.3235891429536078,21.67593775072747,0.30284955422657345,16.231947903263336
moose,moose,moose,animals,en,0.18268927311570285,31.54248230354946,,
mouse,mouse,mouse,animals,en,0.2710724002128752,24.015708539531214,0.3380647202223137,18.041078346205612
owl,owl,owl,animals,en,0.2273013971259192,24.11938877439467,0.33193123831855775,18.164567816631582
penguin,penguin,penguin,animals,en,0.2580506651665628,26.625353756610487,0.2906372383425033,20.410030010879655
pig,pig,pig,animals,en,0.30412148357893287,21.62125217764903,0.3518574340333094,15.440388648880257
pony,pony,pony,animals,en,0.2110376198210708,29.860464636190034,0.22413656534216833,22.555111229063435
puppy,puppy,puppy,animals,en,0.2380980901563325,21.77359934456472,0.27492340773670226,14.6019573442013
rooster,rooster,rooster,animals,en,0.2116975406238381,29.96993284578149,,
sheep,sheep,sheep,animals,en,0.2511928413489603,24.097179102075632,0.33198046470417225,17.354432026584
squirrel,squirrel,squirrel,animals,en,0.2490404401325502,25.822067284061553,0.2967091895534254,19.478902083982845
teddybear,teddybear,teddybear,animals,en,0.22967899646662404,24.474435505568117,0.2777798678897142,15.174878663541035
tiger,tiger,tiger,animals,en,0.2787285048284058,24.352791126972715,0.3207644264078836,18.36902263517407
turkey,turkey,turkey,animals,en,0.21397524179536836,28.78143357233862,0.24742071589556994,22.828718172265596
turtle,turtle,turtle,animals,en,0.27349057133249827,23.163816043057015,0.306959454617558,18.478857494805386
wolf,wolf,wolf,animals,en,0.21831487422830054,30.142823707100632,,
zebra,zebra,zebra,animals,en,0.2390573583675108,25.91470909916512,,
airplane,airplane,airplane,vehicles,en,0.30987455159557803,21.017576668097803,0.36624300043326885,15.339911232960295
bicycle,bicycle,bicycle,vehicles,en,0.28856635093550315,22.661107578698534,0.380954655977262,16.84494271866418
boat,boat,boat,vehicles,en,0.2573477881475428,21.380762833691453,,
bus,bus,bus,vehicles,en,0.3089469569807742,21.11179339633732,0.3474733999488594,16.692182355992607
car,car,car,vehicles,en,0.36232342063822237,18.037034511050525,0.37062982361267066,11.381613053956917
firetruck,firetruck,firetruck,vehicles,en,0.29786622092366233,24.55777985375169,0.3276448014065225,17.76896319433574
helicopter,helicopter,helicopter,vehicles,en,0.2677346868442705,25.71304786302965,,
motorcycle,motorcycle,motorcycle,vehicles,en,0.27471906770062243,26.14412309647859,0.3316524327720473,19.54519626681338
sled,sled,sled,vehicles,en,0.1718203289106766,33.302051604780466,,
stroller,stroller,stroller,vehicles,en,0.24709914399649463,25.656861591522876,0.30560079944867097,13.31801589656383
tractor,tractor,tractor,vehicles,en,0.20043005953476048,26.53128272824713,,
train,train,train,vehicles,en,0.33974218211776624,21.393552637486934,0.35844948681122596,15.990386034646825
tricycle,tricycle,tricycle,vehicles,en,0.19393193604282022,32.53665246278565,,
truck,truck,truck,vehicles,en,0.30303970131172114,20.01219584114763,0.34873341757868953,15.064491127649225
ball,ball,ball,toys,en,0.45252641621272394,14.652874832802517,0.4533430832742148,9.434425427362628
balloon,balloon,balloon,toys,en,0.2722131571145474,18.847612455548152,0.3637700616349343,13.67498348935257
bat,bat,bat (object),toys,en,0.20324780651772495,28.283839962992023,,
block,block,blocks,toys,en,0.23732175441408632,22.56688502669205,0.320521629721372,14.400233722353251
book,book,book,toys,en,0.32245221645681765,16.962835694678507,0.402909062509037,9.97759238162218
bubbles,bubbles,bubbles,toys,en,0.3035108556983672,18.901698911721585,0.37678770801915057,14.615474673799953
chalk,chalk,chalk,toys,en,0.22937269751746994,28.213452392813352,,
crayon,crayon,crayon,toys,en,0.2770533500686225,23.7612766876094,,
doll,doll,doll,toys,en,0.2039346532487921,23.74289384128519,0.2610341347936219,16.007650988759604
game,game,game,toys,en,0.2716710595335713,27.147298825939988,,
glue,glue,glue (object),toys,en,0.2692869216169827,30.75834187626162,,
pen,pen,pen,toys,en,0.23884733411920286,25.58752380800943,0.3272543480775013,17.55916823222199
pencil,pencil,pencil,toys,en,0.23874550190883836,27.050357348794016,,
play dough,play dough,play dough,toys,en,0.2624770809453732,27.04047908992861,,
present,present,present,toys,en,0.27716914571570045,26.42010603731707,,
puzzle,puzzle,puzzle,toys,en,0.27330571210164406,24.991193538164197,,
story,story,story,toys,en,0.27288499507687636,25.41886259152951,,
toy,toy (object),toy (object),toys,en,0.3148693021260712,22.127251921484547,0.2434824238000205,13.006757628659278
apple,apple,apple,food_drink,en,0.3443540491053051,18.595261879075878,0.36706109546508103,14.157385222549657
applesauce,applesauce,applesauce,food_drink,en,0.20700310085731297,26.651373107387315,,
banana,banana,banana,food_drink,en,0.32534199058268054,16.913057208434008,0.3734328126178394,11.393726692626286
beans,beans,beans,food_drink,en,0.18737731134192395,26.511864379483157,,
bread,bread,bread,food_drink,en,0.27877067092922786,22.563173876152558,0.3168918091668611,15.148178320647775
butter,butter,butter,food_drink,en,0.2658059319039972,26.029311409585198,0.27233257153290247,22.147793396375405
cake,cake,cake,food_drink,en,0.3533843506982109,22.516189823375594,0.24959318963511684,20.314073376550876
candy,candy,candy,food_drink,en,0.3006924824300847,23.81780424919163,0.24006431563129693,21.06555122947854
carrots,carrots,carrot,food_drink,en,0.2816685205994182,24.333446063177245,0.2569002414963716,17.42061052787033
cereal,cereal,cereal,food_drink,en,0.2782831269294176,23.22426499801432,0.23516371090500043,15.930395450072234
cheerios,cheerios,cheerios,food_drink,en,0.21089224994151223,24.540434732034655,0.23848181907560972,13.932697543970367
cheese,cheese,cheese,food_drink,en,0.2912067657520439,18.94677082529585,0.390720275650769,13.817985324927866
chicken,chicken (food),chicken (food),food_drink,en,0.2909513512757132,23.2280013047676,0.2607597829448675,17.73127305603125
chocolate,chocolate,chocolate,food_drink,en,0.29610945625975854,25.075723449469695,,
coffee,coffee,coffee,food_drink,en,0.25290844831311826,25.489313246049612,0.30793251432092417,19.868191941303728
coke,coke,coke,food_drink,en,0.1421232628640992,35.00047126898878,,
cookie,cookie,cookie,food_drink,en,0.3094876666711277,19.292918730762295,0.29920643746141534,14.066003789167102
corn,corn,corn,food_drink,en,0.252634589158315,25.00578189583215,,
cracker,cracker,cracker,food_drink,en,0.2306922678289937,20.789631248647908,0.330406097424193,13.809073120032009
donut,donut,pastry,food_drink,en,0.24461037652441436,27.37628084421262,,
drink,drink (beverage),drink (beverage),food_drink,en,0.2399931821359631,22.722723751943995,0.29421902787628135,13.14886185398801
egg,egg,egg,food_drink,en,0.2862430911086161,22.440147701703143,0.3067042439225534,17.090315961893072
fish,fish (food),fish (food),food_drink,en,0.23413308204782335,24.013664863845822,0.2599897186808238,20.350347137212292
food,food,food,food_drink,en,0.25894774275767307,23.97725824276344,0.23697123847698337,14.605898774402618
french fries,french fries,french fries,food_drink,en,0.26064029302868563,23.944366836626404,,
grapes,grapes,grapes,food_drink,en,0.2639382342018142,22.870347964097167,,
green beans,green beans,green beans,food_drink,en,0.19439910171528382,29.27738322689907,,
gum,gum,gum,food_drink,en,0.210711245792638,30.201497670263667,,
hamburger,hamburger,hamburger,food_drink,en,0.27842116827091923,26.083133094416002,,
ice,ice,ice,food_drink,en,0.23282045548924796,24.14167482832728,,
ice cream,ice cream,ice cream,food_drink,en,0.34147839590573603,22.68964126948841,0.2587407942957271,18.483817256420284
jello,jello,jello,food_drink,en,0.18840071390637497,32.18436105027094,,
jelly,jelly,jelly,food_drink,en,0.22594203966773407,29.17020460212288,,
juice,juice,juice,food_drink,en,0.2723200041146212,19.68112023838449,0.22911430166262192,15.139735378326304
lollipop,lollipop,lollipop,food_drink,en,0.23563338271411582,28.324152541077456,,
meat,meat,meat,food_drink,en,0.23021088723492653,27.606013517887213,0.21176658238267823,22.33098131503031
melon,melon,melon,food_drink,en,0.19691206075525786,29.5302366222724,,
milk,milk,milk,food_drink,en,0.2930300212929004,18.722091719596044,0.28819911191590947,10.859983887719133
muffin,muffin,muffin,food_drink,en,0.23688246153016126,26.847751717665307,,
noodles,noodles,pasta,food_drink,en,0.22935848209739174,25.150467879500866,0.32427057793977465,17.968029646525984
noodles,noodles,pasta,food_drink,en,0.22935848209739174,25.150467879500866,0.255053240125786,19.5866807899274
nuts,nuts,nut,food_drink,en,0.2382321043768837,28.61982931529283,,
orange,orange (food),orange (food),food_drink,en,0.292649076637386,23.341501973354678,0.33494939711080013,17.32841512676939
pancake,pancake,pancake,food_drink,en,0.26821294587400457,24.729383450154906,,
peas,peas,peas,food_drink,en,0.21131168090925562,25.817284208491774,0.28207199665985644,18.147154724064308
peanut butter,peanut butter,peanut butter,food_drink,en,0.24549643917897718,25.613911943581122,,
pickle,pickle,pickle,food_drink,en,0.2170690492809908,28.081463916073037,,
pizza,pizza,pizza,food_drink,en,0.3521744806747616,21.80893819387464,0.35025851743590264,17.795289942213117
popcorn,popcorn,popcorn,food_drink,en,0.2604218745150521,25.27875384225998,,
popsicle,popsicle,popsicle,food_drink,en,0.23967613136469795,27.00125936039033,,
potato chip,potato chip,chips,food_drink,en,0.24472465392429674,25.656185647910345,,
potato,potato,potato,food_drink,en,0.23887484946250828,26.35583308729929,,
pretzel,pretzel,pretzel,food_drink,en,0.202653908218276,28.512409705939007,,
pudding,pudding,pudding,food_drink,en,0.20614139329092082,32.34190941792985,,
pumpkin,pumpkin,pumpkin,food_drink,en,0.23267772498350278,26.881202205637077,,
raisin,raisin,raisin,food_drink,en,0.2408416311943317,25.925005643890664,0.30306717316095716,19.4484414870944
salt,salt,salt,food_drink,en,0.23466511241703703,30.34960819074744,,
sandwich,sandwich,sandwich,food_drink,en,0.29299833599291847,25.576038562261147,,
sauce,sauce,sauce,food_drink,en,0.22293107344557309,29.022150461630265,,
soup,soup,soup,food_drink,en,0.2496582629329625,25.450189815869706,,
spaghetti,spaghetti,pasta,food_drink,en,0.26765109385719454,25.483061510548364,0.32427057793977465,17.968029646525984
spaghetti,spaghetti,pasta,food_drink,en,0.26765109385719454,25.483061510548364,0.255053240125786,19.5866807899274
strawberry,strawberry,strawberry,food_drink,en,0.26831266085706823,24.062285090916426,,
toast,toast,toast,food_drink,en,0.2233978480270849,25.038222744921622,0.2781407503556335,17.948605928819322
tuna,tuna,tuna,food_drink,en,0.19833482402940278,33.45817919100906,,
vanilla,vanilla,vanilla,food_drink,en,0.2602734499354031,32.31870179426388,,
vitamins,vitamins,vitamin,food_drink,en,0.21885512499359186,29.42384870398438,,
water,water (beverage),water (beverage),food_drink,en,0.2774153948311481,19.425290357015886,0.29686715833690824,11.567450381067008
yogurt,yogurt,yogurt,food_drink,en,0.24105615011663414,23.13318468857184,,
beads,beads,beads,clothing,en,0.17440775488890872,33.48814239641832,0.15271556876056513,29.68977263350483
belt,belt,belt,clothing,en,0.19178498922694887,29.3495078662552,,
bib,bib,bib,clothing,en,0.19072727828295513,25.69305260905941,0.2497721906343966,15.6668587612085
boots,boots,boots,clothing,en,0.2658881365673215,22.413170302535285,0.460408908153416,17.23747296504622
button,button,button,clothing,en,0.23345299887549859,23.936798385717843,0.2920554850004697,17.816275627779056
coat,coat,coat,clothing,en,0.24618772797307664,23.905871028840817,0.40813048436542554,16.289605877309647
diaper,diaper,diaper,clothing,en,0.2879522523585208,20.458261341360622,0.32700467198797645,10.280990919956645
dress,dress (object),dress (object),clothing,en,0.2576390735483428,26.300991822578073,0.22716663708380183,20.924381901427143
gloves,gloves,glove,clothing,en,0.24548271254575701,27.775695603074244,,
hat,hat,hat,clothing,en,0.2920193546037043,19.300483070324894,0.37374388043502466,13.795887179195741
jacket,jacket,jacket,clothing,en,0.27707097626314264,24.060456796216435,0.3793049206259472,16.378900616514237
jeans,jeans,jeans,clothing,en,0.23925965292884083,29.074433924846883,0.24403801519734114,23.332264242184767
mittens,mittens,mitten,clothing,en,0.19756930690836422,29.01925279899705,,
necklace,necklace,necklace,clothing,en,0.23233924173634557,27.476619326571125,0.2485334419599784,21.02508109960331
pajamas,pajamas,pajamas,clothing,en,0.31898070006965856,23.476860324540095,0.31647506298123296,14.915777008881067
pants,pants,pants,clothing,en,0.3296136425030383,22.35347050098107,0.38528121223046435,15.257674045570056
scarf,scarf,scarf,clothing,en,0.21866532812429199,32.37732677495693,,
shirt,shirt,shirt,clothing,en,0.31180735527333675,22.343315761767414,0.381666307106431,15.098297145974547
shoe,shoe,shoe,clothing,en,0.39196265893620014,17.22709255555057,0.526799544744681,12.059025191932323
shorts,shorts,shorts,clothing,en,0.29511667618063886,25.69256992110759,0.2272294022694616,21.50440663258024
slipper,slipper,slipper,clothing,en,0.2099092571544737,28.548716570398334,,
sneaker,sneaker,sneaker,clothing,en,0.18866134755511785,32.04384884887173,,
snowsuit,snowsuit,snowsuit,clothing,en,0.1988532779945726,35.11918129124068,,
sock,sock,sock,clothing,en,0.2406016842222106,20.83169955381117,0.386859360310579,12.917654721230996
sweater,sweater,sweater,clothing,en,0.2299190390781232,26.167824553589828,0.310498619936793,19.653578134851546
tights,tights,tights,clothing,en,0.19533237877407508,34.36298667979536,,
underpants,underpants,underpants,clothing,en,0.26467049136646303,28.66783456900695,,
zipper,zipper,zipper,clothing,en,0.25664618308625464,25.726938921551934,0.34704590944353636,18.5090794754918
ankle,ankle,ankle,body_parts,en,0.20643702561856936,32.57304075993818,,
arm,arm,arm,body_parts,en,0.32225577692202834,22.476655532336146,0.36504873308634,16.116973247417402
belly button,belly button,belly button,body_parts,en,0.2582114526779968,21.35440485913061,0.43184559208068934,14.405617764208916
cheek,cheek,cheek,body_parts,en,0.269445284741293,24.105719744842073,0.3365970278924991,18.302885219313136
chin,chin,chin,body_parts,en,0.24912005663892792,24.7507697907565,,
ear,ear,ear,body_parts,en,0.3392560892796528,19.256429150495848,0.43159743932861067,13.94491950255136
eye,eye,eye,body_parts,en,0.35530291427804095,18.1239456444958,0.4308632755990347,13.34369611222119
face,face,face,body_parts,en,0.308769613538793,24.1728598683349,0.2928695874865765,16.75473686703823
finger,finger,finger,body_parts,en,0.3349516097458118,22.41976426560987,0.30240506330901223,15.682363047917642
foot,foot,foot,body_parts,en,0.309598060678628,21.37430854671803,0.3769855815569676,13.179703816897817
hair,hair,hair,body_parts,en,0.3186846675474372,20.42857208704295,0.4042832279529169,13.569189465389337
hand,hand,hand,body_parts,en,0.34992952128447025,21.56283602893411,0.3141677718673719,14.080882999129921
head,head,head,body_parts,en,0.31291832198008257,21.802599573463866,0.38625795255334167,14.695263473685976
knee,knee,knee,body_parts,en,0.2813863360645653,23.250572914431345,0.3923424833843395,18.04233341880987
leg,leg,leg,body_parts,en,0.32999762178330916,23.47939406983116,0.37709079239222554,16.68458244446973
lips,lips,lip,body_parts,en,0.2560034410209098,26.213952483430635,,
mouth,mouth,mouth,body_parts,en,0.3044809160831011,20.79968531411669,0.36262102830112575,13.30395015901279
nose,nose,nose,body_parts,en,0.3436742127684293,18.271503477004618,0.4156563042524122,12.35019056351058
penis,penis*,penis,body_parts,en,0.17910071466001729,28.001437246110342,,
shoulder,shoulder,shoulder,body_parts,en,0.254630983133608,27.735324346557,,
toe,toe,toe,body_parts,en,0.2646386555922188,21.91323632155065,0.33810764630680573,15.111436101174675
tongue,tongue,tongue,body_parts,en,0.26578082412424053,24.169644640095417,0.3283021521500756,16.447516114882553
tooth,tooth,tooth,body_parts,en,0.25636976186726007,22.613196635374145,0.35930319336417854,15.402868133290411
tummy,tummy,tummy,body_parts,en,0.2986074726079724,22.016660078220543,0.3539775275446461,13.829618491638538
vagina,vagina*,vagina,body_parts,en,0.18327195915113254,32.15378499011669,,
basket,basket,basket,household,en,0.23334851332450748,26.85120152877152,,
blanket,blanket,blanket,household,en,0.31026320406343416,21.404641214164915,0.2991823327122805,13.763880145741476
bottle,bottle,bottle,household,en,0.19024258941838373,20.411171940280678,0.181476418705317,10.234596678169755
bowl,bowl,bowl,household,en,0.27338999401864056,23.05715913642519,0.37787582121975816,15.823982573970449
box,box,box,household,en,0.27381501686259563,23.240085139273834,0.3587067035709788,16.791886569592037
broom,broom,broom,household,en,0.2436918508048145,25.231821991009216,0.35854503780391106,17.087884774842426
brush,brush,brush (object),household,en,0.25470641720322285,22.955595005445936,0.3906973920502778,14.307461232057511
bucket,bucket,bucket,household,en,0.2364928581765993,27.086226073026,,
camera,camera,camera,household,en,0.2586562392916926,26.664210808078714,,
can,can (object),can (object),household,en,0.21143551968886867,29.997675232242806,,
clock,clock,clock,household,en,0.2256898279796341,24.840094492858924,0.27026342225802175,19.99900769643648
comb,comb,comb (object),household,en,0.2207839690513734,27.03497461479552,0.27992303536316465,17.862770154685887
cup,cup,cup,household,en,0.3118915448510956,20.427409905488503,0.36660726739612404,12.491688865626543
dish,dish,dish,household,en,0.2256729525519931,28.90266877806612,0.25864327582077673,20.43613560039358
fork,fork,fork,household,en,0.3153637738044761,22.4700601681352,0.45562351332618767,16.1092518329308
garbage,garbage,trash,household,en,0.24782672835590025,25.877583130061918,0.351694480604389,16.941911856799454
glass,glass,glass,household,en,0.2577627376576451,26.99901508187419,0.2702960022506938,19.505843011898552
glasses,glasses,glasses,household,en,0.2487981207252346,24.718379850850674,0.276986846794896,16.59554912023573
hammer,hammer,hammer,household,en,0.2411993201975858,27.707984246225706,0.2330519361316881,22.47128703758788
jar,jar,jar,household,en,0.15284266245140676,32.23015485028336,,
keys,keys,key,household,en,0.22330105044465984,22.03476391692489,0.3335766780353267,13.62608158906398
knife,knife,knife,household,en,0.26897141341328024,26.1769464861682,,
lamp,lamp,lamp,household,en,0.2339850796125593,29.370192360015302,0.24146492115645252,21.84023032654784
light,light,light (object),household,en,0.2552696119497157,21.874024552921654,0.3303538096837361,15.416293620799447
medicine,medicine,medicine,household,en,0.2809185669133084,25.59551637424115,0.2465213798853222,19.210038652585677
money,money,money,household,en,0.2681040088071589,25.3579691944928,0.21298028167232605,23.300306716596538
mop,mop,mop (object),household,en,0.1934180053304077,31.961820027098813,,
nail,nail,nail (object),household,en,0.24111672624184577,29.948924200101782,,
napkin,napkin,napkin,household,en,0.2529775922371856,26.11732157085355,,
paper,paper,paper,household,en,0.30734744050410945,23.54664847083617,0.28729245617834637,18.099841133002606
penny,penny,penny,household,en,0.20714606960539855,30.674447662471515,0.12557671586221295,34.39903978946308
picture,picture,picture,household,en,0.30539204252574914,24.71556585425164,0.28393676884724134,17.857230523685867
pillow,pillow,pillow,household,en,0.3080239486165666,23.325286006262786,0.32215909652024177,16.838331213470962
plant,plant,plant,household,en,0.2376913012538451,27.83822310363398,0.22480583950497832,20.527197809341438
plate,plate,plate,household,en,0.2920959760563276,24.623098083119856,0.35024643231569025,17.589193635541335
purse,purse,purse,household,en,0.23004528596881554,26.959168544769646,0.2567926326421178,19.281653642547145
radio,radio,radio,household,en,0.2258043028213661,30.374368532893488,0.1857399287895894,23.989709996536014
scissors,scissors,scissors,household,en,0.3034055380883764,26.68182786357723,0.25297990140944276,23.260771571462026
soap,soap,soap,household,en,0.3053199350773297,23.475200517483405,0.34755609010296107,17.4476184828352
spoon,spoon,spoon,household,en,0.2965554360727497,20.95259728246405,0.3274248934492786,14.149982883612651
tape,tape,tape (object),household,en,0.24962063467063172,27.95876094671294,,
telephone,telephone,telephone,household,en,0.3008651202299274,21.800982224029113,0.3621570049798669,12.87926235271569
toothbrush,toothbrush,toothbrush,household,en,0.2920568444760453,22.381218429049273,0.41984083465460875,13.936488045231645
towel,towel,towel,household,en,0.29593382962686715,24.02514437671975,0.3423301939643752,16.941061055597565
trash,trash,trash,household,en,0.2128542397434547,26.07639330280025,0.351694480604389,16.941911856799454
tray,tray,tray,household,en,0.1992069725983559,34.83741692992522,,
vacuum,vacuum,vacuum,household,en,0.25346434886756103,25.53141186201137,0.2869829480173643,16.753847861289998
walker,walker,walker,household,en,0.18900935963734164,37.76988175554368,,
watch,watch (object),watch (object),household,en,0.227928505544959,26.639656216754712,0.23630194549262604,20.0980408333515
basement,basement,basement,furniture_rooms,en,0.17280371659876936,35.459433632041296,,
bathroom,bathroom,bathroom,furniture_rooms,en,0.31952622010526893,24.05906917422924,0.37304302433812436,14.58461848399218
bathtub,bathtub,bathtub,furniture_rooms,en,0.23898246619710947,23.10628119476225,0.3308237079662985,12.763546286505369
bed,bed,bed,furniture_rooms,en,0.34895427455045286,21.093819196463336,0.3207554994026945,12.98136388981856
bedroom,bedroom,bedroom,furniture_rooms,en,0.29356418088263136,25.882158961294557,0.35253313064401826,15.806237920029266
bench,bench,bench,furniture_rooms,en,0.23515299252733532,31.982676326542876,,
chair,chair,chair,furniture_rooms,en,0.31204520126011603,21.59765467428644,0.4480390554946179,14.3979512055218
closet,closet,closet,furniture_rooms,en,0.2894610293251118,27.05777144406445,,
couch,couch,couch,furniture_rooms,en,0.27976652944780295,25.07356948340686,0.37726367695686586,15.877985057499947
crib,crib,crib,furniture_rooms,en,0.2539227844740679,26.41880759531219,0.23786926100575828,15.654826209799134
door,door,door,furniture_rooms,en,0.2978052003355597,21.23015838131221,0.4195292074752541,13.603686093308127
drawer,drawer,drawer,furniture_rooms,en,0.2554751458045265,28.637897409301456,0.30777256638351214,18.544496101431022
dryer,dryer,dryer,furniture_rooms,en,0.24232840232718214,29.704006346073253,,
garage,garage,garage,furniture_rooms,en,0.2555485094638884,28.36384200315754,0.2426861252253329,21.91171281582586
high chair,high chair,high chair,furniture_rooms,en,0.22046616875579936,27.08831966585049,0.3012807718672545,14.268822849181662
kitchen,kitchen,kitchen,furniture_rooms,en,0.31551108442808806,24.59451897696423,0.3416791947501041,15.373196102201412
living room,living room,living room,furniture_rooms,en,0.2702003064603898,28.383323600684765,0.2829157787857624,18.88598599623727
oven,oven,oven,furniture_rooms,en,0.260882800632323,27.825667716904036,0.3158397009275974,19.279278506508877
play pen,play pen,play pen,furniture_rooms,en,0.20395986878198977,35.753478503517485,0.07244602183056913,39.478257069329224
porch,porch,porch,furniture_rooms,en,0.20186107907058623,33.172268827739586,,
potty,potty,potty,furniture_rooms,en,0.3101672109775536,21.91835045496274,0.3763383076936647,17.308612497176107
rocking chair,rocking chair,rocking chair,furniture_rooms,en,0.21721435524067725,29.160900267979745,0.24272163504779687,20.911642950522424
refrigerator,refrigerator,refrigerator,furniture_rooms,en,0.2750035807630166,26.713720056391747,0.35642127240944604,16.27563651697633
room,room,room,furniture_rooms,en,0.27721457454699794,25.489530414704216,,
shower,shower,shower,furniture_rooms,en,0.2592230143268669,24.86495656195909,,
sink,sink,sink,furniture_rooms,en,0.2836321790877997,26.203395072157402,0.3636306829528064,18.70969411589831
sofa,sofa,couch,furniture_rooms,en,0.23061305605093552,30.78612781969443,0.37726367695686586,15.877985057499947
stairs,stairs,stairs,furniture_rooms,en,0.2656511539682444,25.287967529256612,0.34486295220502444,15.545620567787523
stove,stove,stove,furniture_rooms,en,0.22958579995322334,28.35617171050547,0.2787681928723812,20.62887322235009
table,table,table,furniture_rooms,en,0.30564437625045404,24.19276381411402,0.3723240341486837,16.104676142605403
tv,TV,tv,furniture_rooms,en,0.3180355249543648,22.459644037077975,0.30361684871576916,14.642362617730669
window,window,window,furniture_rooms,en,0.28220632157143977,25.66643340196041,0.30479486686252494,16.237855647458485
washing machine,washing machine,washing machine,furniture_rooms,en,0.24635711595990675,28.20796279883456,,
backyard,backyard,yard,outside,en,0.2472102049130613,28.44450669766179,0.23722233656833897,19.14108177365822
cloud,cloud,cloud,outside,en,0.25771451275978885,26.003062112279515,,
flag,flag,flag,outside,en,0.22557253594239135,28.323299129918787,,
flower,flower,flower,outside,en,0.30221882500872127,21.308317996889965,0.35671637849727605,15.584772148070217
garden,garden,garden,outside,en,0.2610574745306242,29.49468793497694,0.23598258931194113,23.261773854995837
grass,grass,grass,outside,en,0.27394646923721655,24.18754839051594,,
hose,hose,hose,outside,en,0.23512889688933225,28.984925359216426,,
ladder,ladder,ladder,outside,en,0.2537493229307099,28.619650666008823,,
lawn mower,lawn mower,lawn mower,outside,en,0.19885603484823847,29.359866382806,,
moon,moon,moon,outside,en,0.27899957826697747,21.638977618661098,0.3372321918385731,17.940137619920392
pool,pool,pool,outside,en,0.26064484264430887,24.524925909048154,0.2025906623316447,20.027174085279466
rain,rain,rain,outside,en,0.3376185977343467,22.744212678153612,0.32764799064650935,18.272036208201694
rock,rock,rock (object),outside,en,0.2631353792731164,23.248242747173666,0.37142090975571046,17.710479140969305
roof,roof,roof,outside,en,0.2632850642530558,30.354806906791985,,
sandbox,sandbox,sandbox,outside,en,0.2286830100946446,29.436616830405583,,
shovel,shovel,shovel,outside,en,0.260168269899209,27.06438713017679,0.2957001699018226,21.328780632505207
sidewalk,sidewalk,sidewalk,outside,en,0.261080518283995,28.862804163514078,,
sky,sky,sky,outside,en,0.2686608193329007,24.96479817139248,0.2836779524394361,19.62283496262821
slide,slide (object),slide (object),outside,en,0.26269498260662255,24.028727186388526,0.40457063045255404,16.365314770045902
snow,snow,snow,outside,en,0.2608675785598891,25.352424621414134,0.19273263452203448,25.018690387231572
snowman,snowman,snowman,outside,en,0.26266817324198527,27.52313760837761,,
sprinkler,sprinkler,sprinkler,outside,en,0.23124252357117545,31.248965090486315,,
star,star,star,outside,en,0.28055201958825005,23.012070346052617,0.35139844958328353,19.09164892729966
stick,stick,stick,outside,en,0.2534458420537189,25.47714431784853,,
stone,stone,stone,outside,en,0.22268902724957562,31.628482609333915,,
street,street,street,outside,en,0.2698294814097913,26.803190887567155,,
sun,sun,sun,outside,en,0.3213802007621354,23.08142832033864,0.295960401943375,19.03835092969529
swing,swing (object),swing (object),outside,en,0.2647368809441766,23.3162188395483,0.3050030013306754,15.928527704655583
tree,tree,tree,outside,en,0.30192879108458426,21.044348862238923,0.3554090983132775,15.786809785771576
water,water (not beverage),water (not beverage),outside,en,0.2867508128642329,20.99287143390313,0.2836136580961574,15.118315285473718
wind,wind,wind,outside,en,0.25129151812188705,26.87953741331026,,
beach,beach,beach,places,en,0.260034792724019,27.049324416530943,0.23467371100252926,23.36578597344694
camping,camping,camping,places,en,0.23561502437690343,33.875983650258185,,
church,church*,church,places,en,0.1916803347615527,29.933751881595924,0.12688339702579796,30.860679900286883
circus,circus,circus,places,en,0.23207629400494564,34.25526558864754,,
country,country,country,places,en,0.24072030654535898,37.12191301530163,,
downtown,downtown,downtown,places,en,0.22417600989637215,35.40342727006468,,
farm,farm,farm,places,en,0.2462248798922367,28.391685799888673,,
gas station,gas station,gas station,places,en,0.2837884599452753,30.057957057798713,,
home,home,home,places,en,0.31959294684994183,22.239878402984353,0.2650023199291735,15.113333787774042
house,house,house,places,en,0.29909021994868823,23.5075311446887,0.30066323161690217,17.38778420269216
movie,movie,movie,places,en,0.25681973007926573,28.41214991348445,,
outside,outside,outside,places,en,0.27261584206029793,21.12017828919642,0.3496045452555009,12.375512816445443
park,park,park,places,en,0.2972680761248788,23.280335714674944,0.3308774991072661,16.880223487065457
party,party,party,places,en,0.2899471945030475,26.97759258812365,0.16102848259770597,29.931957020371666
picnic,picnic,picnic,places,en,0.2652717377182368,29.914548287826225,,
playground,playground,playground,places,en,0.26316667604062977,27.612762918432733,,
school,school,school,places,en,0.30510764039056565,24.503148491358132,0.20839970358382978,22.480860648331447
store,store,store,places,en,0.29334003358357885,25.01014097191803,0.26922861047065705,19.30479843177989
woods,woods,forest,places,en,0.22372170050851548,34.54355512918403,,
work,work (place),work (place),places,en,0.2874835300977673,25.20956445996617,0.26441151175499894,20.89294660657324
yard,yard,yard,places,en,0.23804502463321012,29.30100792737925,0.23722233656833897,19.14108177365822
zoo,zoo,zoo,places,en,0.24051024261278653,27.50799138552409,0.1890600763478318,26.42126092013267
aunt,aunt,aunt,people,en,0.2225015010509305,26.56743626063152,0.13848342617758294,21.91202743072898
baby,baby,baby,people,en,0.33923880190579564,16.849013167380836,0.2759160175586119,11.51897994427752
babysitter,babysitter,babysitter,people,en,0.22549776532237614,34.6106646276452,0.10587178550438558,36.578754385821256
babysitter's name,babysitter's name,babysitter's name,people,en,0.14961319582450794,28.693480969025668,0.1476442138735971,21.936046453309963
boy,boy,boy,people,en,0.2753826982280848,24.455476381414446,0.21101183398783396,21.56748575217194
brother,brother,brother,people,en,0.19834077798242905,27.790793418367127,0.03999291336972679,41.05414729306732
child,child,child,people,en,0.2304943735479253,32.246141787501166,0.1803242048598445,26.513247079391302
clown,clown,clown,people,en,0.20206879088406945,31.27786866710837,,
cowboy,cowboy,cowboy,people,en,0.26862241215050686,32.20330145545512,,
daddy,daddy*,daddy,people,en,0.3121271418263639,12.094388092638368,0.24595161961488315,3.3347618712938005
doctor,doctor,doctor,people,en,0.2828545496649338,25.509212525205722,,
fireman,fireman,firefighter,people,en,0.28843691960144585,28.55359214559131,,
friend,friend,friend,people,en,0.2746244397355037,27.04412670609454,,
girl,girl,girl,people,en,0.25223192290948393,25.283964699162766,0.20539077283506962,22.63681739782313
grandma,grandma*,grandma,people,en,0.27796422822246913,18.191708431404773,0.19908988819868498,9.678511745746043
grandpa,grandpa*,grandpa,people,en,0.25514132955378305,19.402775097373258,0.18165853044886845,12.16260338345579
lady,lady,lady,people,en,0.23154949994014543,29.71324070740406,0.18574460431634857,26.438324231421745
mailman,mailman,mailman,people,en,0.23298138113583294,30.619561274264516,,
man,man,man,people,en,0.24677366062681383,27.098785136434113,0.20344168240611446,24.592238945273195
mommy,mommy*,mommy,people,en,0.32543612845783987,12.099428960675988,0.253645635670567,2.6364256061413593
nurse,nurse,nurse,people,en,0.22944095323772973,34.081000694715065,,
people,people,people,people,en,0.24789262192214742,28.211171863400384,0.21698597287167395,22.670193049964052
person,person,person,people,en,0.24647925859621972,32.656970105300616,0.20281352519361187,25.943985087242954
pet's name,pet's name,pet's name,people,en,0.12194806789815868,22.48691180494074,,
police,police,police,people,en,0.2953110840554554,29.156299962795714,,
sister,sister,sister,people,en,0.19173898244916432,27.733836249276656,0.029284982298728182,53.119428189015174
teacher,teacher,teacher,people,en,0.27179598063538996,28.548508861502487,0.20086436051271606,25.53054697834665
uncle,uncle,uncle,people,en,0.23656940959642486,26.969929849497078,0.15196760430652614,23.925838785435545
bath,bath,bath,games_routines,en,0.2765710145095754,19.076881346519837,0.32520652923169563,9.236027032386092
breakfast,breakfast,breakfast,games_routines,en,0.28127901077781875,24.815773046010435,0.29119535395704754,13.902443083198403
bye,bye,bye,games_routines,en,0.3390667468290771,14.252027653476402,0.46253838700346117,8.395701244614957
call,call (on phone),call,games_routines,en,0.2428703083307246,24.011668318269244,,
dinner,dinner,dinner,games_routines,en,0.28366592577655597,25.034292472599333,0.2932570795544739,14.845968982660821
give me five,give me five!,give me five,games_routines,en,0.22327842801477546,25.23891817798169,,
gonna get you,gonna get you!,gonna get you,games_routines,en,0.22670071050938778,25.613551547091248,,
go potty,go potty,go potty,games_routines,en,0.2821996348565728,23.276470527905857,,
hello,hello,hello,games_routines,en,0.24959309085663764,19.83415272251225,0.2504163416028412,12.03836410312475
hi,hi,hi,games_routines,en,0.23978654100974028,15.503553061741524,0.2711637915522325,8.555575889606793
lunch,lunch,lunch,games_routines,en,0.29288976009768775,24.942676892117515,0.3156402351162881,14.831392463747735
nap,nap,nap,games_routines,en,0.2979393084920437,23.11378332426024,0.2944610044967979,12.581653712420456
night night,night night,good night,games_routines,en,0.2553171332913346,19.03375620918292,0.276290855143354,10.956334281397039
no,no,no,games_routines,en,0.36571692016027846,15.615491950583293,0.38496418474918903,8.392726866531516
pattycake,pattycake,pattycake,games_routines,en,0.19033071261859652,28.25589886425253,0.14480157767378088,15.61773966714775
peekaboo,peekaboo,peekaboo,games_routines,en,0.23310662702591609,20.240101392500492,0.27035588475597017,8.236905951682695
please,please,please,games_routines,en,0.3418707100166425,19.29797004533653,0.3740307373223712,15.577566592661844
shopping,shopping,shopping,games_routines,en,0.26869504628097896,27.046277447270437,,
snack,snack,snack,games_routines,en,0.24960297863513403,23.7767881356826,,
so big,so big!,so big,games_routines,en,0.2202755549729666,27.015688592282725,,
thank you,thank you,thank you,games_routines,en,0.30398587148550427,18.711819703494495,0.3417378194474412,13.456623997651091
this little piggy,this little piggy,this little piggy,games_routines,en,0.21554050809791725,28.558762048392612,,
turn around,turn around,turn around,games_routines,en,0.2579767805817935,27.01690000555521,,
yes,yes,yes,games_routines,en,0.31956275913531773,18.479725885683724,0.3532945812343696,11.929157170473879
bite,bite,bite,action_words,en,0.26466577540823527,23.53294210585466,0.2803079064504444,14.179365389537681
blow,blow,blow,action_words,en,0.2656699082501099,25.109575649672006,0.4095430008293714,15.479993439890979
break,break,break,action_words,en,0.3029632315806116,25.81119281580355,0.2929438967825214,21.362767911000187
bring,bring,bring,action_words,en,0.27268032508867557,27.45658252814233,0.4027429098231985,14.420769993934696
build,build,build,action_words,en,0.28732024427310277,27.543910044284853,,
bump,bump,bump,action_words,en,0.2242244301638815,27.64354148344198,0.29411742225154713,19.451293651986894
buy,buy,buy,action_words,en,0.2941037505092179,28.461206408075856,,
carry,carry,carry,action_words,en,0.28531281492308697,26.139924158117395,,
catch,catch,catch,action_words,en,0.29097781916407073,25.999369198056574,,
chase,chase,chase,action_words,en,0.24375367016200095,29.14914066089069,,
clap,clap,clap,action_words,en,0.2389677660415485,24.027877298993733,,
clean,clean (action),clean (action),action_words,en,0.300966334251058,24.456771636076255,0.4230038722620669,16.050032734924606
climb,climb,climb,action_words,en,0.2672920007781609,26.39376660189036,,
close,close,close,action_words,en,0.2764394815980821,25.125827346027044,0.3749808343765113,15.237126694518013
cook,cook,cook,action_words,en,0.26513402992686763,25.911584780448134,,
cover,cover,cover (action),action_words,en,0.2657815931195508,29.437999315164824,,
cry,cry,cry,action_words,en,0.33547440717344607,23.81354395859747,0.2626038877129361,16.352875053786175
cut,cut,cut,action_words,en,0.28762736338557743,27.260298985287513,,
dance,dance,dance,action_words,en,0.28680859029530975,23.797796079866586,0.3786609351579168,13.01277062518372
draw,draw,draw,action_words,en,0.28164315447258365,26.050916559980106,0.42155069335247564,17.759610035448226
drink,drink (action),drink (action),action_words,en,0.28280923568726557,22.828557937409165,0.34686096851049897,12.383281247113823
drive,drive,drive,action_words,en,0.2895069625264862,26.083488646382644,0.3188012762439588,18.809736988951357
drop,drop,drop,action_words,en,0.2686246077380061,27.004171211017816,,
dry,dry (action),dry (action),action_words,en,0.26040337361658206,27.992558379967655,,
dump,dump,dump,action_words,en,0.22558142265850853,30.855767603759205,,
eat,eat,eat,action_words,en,0.3214646035793954,20.851435255088564,0.29706824087336975,10.741951769732035
fall,fall,fall,action_words,en,0.3329771323128959,23.974827953979947,0.32736542533365665,17.270140492141376
feed,feed,feed,action_words,en,0.2661080870181187,28.050883024580422,0.25555010150053126,19.436031441167273
find,find,find,action_words,en,0.2917377678189624,26.323489681136085,,
finish,finish,finish,action_words,en,0.26095882946612703,28.123588418840168,0.2468909514372466,19.56687741789118
fit,fit,fit,action_words,en,0.27513015790442535,29.66914945579177,,
fix,fix,fix,action_words,en,0.286562137738559,25.817054133704183,,
get,get,get,action_words,en,0.2893749265011749,24.98007749265186,0.4006361175417874,14.284331897536639
give,give,give,action_words,en,0.3051792460217936,26.19872166140666,0.38948470567941806,12.999942658507264
go,go,go,action_words,en,0.30973842021863673,20.228008561727872,0.3965083148776067,13.559873542814277
hate,hate,hate,action_words,en,0.24606989531216386,35.52690467620059,,
have,have,have,action_words,en,0.288258612705719,26.612817060313848,,
hear,hear,hear,action_words,en,0.2847896457062293,27.595063787769284,,
help,help,help,action_words,en,0.30181247541345135,22.890018057975237,0.4095963647926961,16.825024652607524
hide,hide,hide,action_words,en,0.283290679958023,25.8878540179584,,
hit,hit,hit,action_words,en,0.313551868736359,25.289235924819632,0.31884917659303924,16.98631040852455
hold,hold,hold,action_words,en,0.2699395683249804,26.111064669792093,,
hug,hug,hug,action_words,en,0.3031243661856516,22.41653441122576,0.39515124148222297,12.53556178997615
hurry,hurry,hurry,action_words,en,0.27518069858660676,28.638548026449907,0.24767352601687379,22.042166532415433
jump,jump,jump,action_words,en,0.32000973357092116,23.324873639948994,0.37952910125153266,17.23339442892896
kick,kick,kick,action_words,en,0.2793545123474411,25.26009645854288,0.3457757720095119,17.41746283916346
kiss,kiss,kiss,action_words,en,0.31320275097159866,21.830008444661253,0.35428537350639694,11.005380024027938
knock,knock,knock,action_words,en,0.23667569110341355,26.959074465071467,,
lick,lick,lick,action_words,en,0.2745758134197252,28.41045863799048,,
like,like,like,action_words,en,0.3174289120899948,26.316355883858147,,
listen,listen,listen,action_words,en,0.27683376040366353,28.408573757628318,,
look,look,look,action_words,en,0.3152414080774391,24.47999390404911,0.29442401082424374,13.198613926751811
love,love,love,action_words,en,0.29326672865517717,23.619620548771266,0.241722622944842,17.166201716248118
make,make,make,action_words,en,0.3000211368080679,27.59325410023718,,
open,open,open (action),action_words,en,0.3070348415631966,22.416203493546977,0.3919669692706167,14.553531571841452
paint,paint,paint (action),action_words,en,0.28649790842034434,26.923772562202007,,
pick,pick,pick,action_words,en,0.28149631551046755,28.662500427817168,,
play,play,play,action_words,en,0.3402697151815384,23.07216804885699,0.2759143256970617,15.42115500347406
pour,pour,pour,action_words,en,0.256247458458401,29.36631182844587,,
pretend,pretend,pretend,action_words,en,0.3058432443525894,30.82642524376251,,
pull,pull,pull,action_words,en,0.2712697621899392,27.04963140822013,0.30763878564599556,18.512974101194715
push,push,push,action_words,en,0.28641264033323266,25.19158113110432,0.31864719654612006,16.952386489656703
put,put,put,action_words,en,0.2840040848199581,27.51673871428203,0.34139460947531347,16.965229289972893
read,read,read,action_words,en,0.29420760625230624,23.63811439912507,0.38400426905440427,14.77989904310616
ride,ride,ride,action_words,en,0.27809001645364456,25.631224102899637,0.31671465651816166,17.419331659278544
rip,rip,rip,action_words,en,0.24838873301514341,31.57594056864704,,
run,run,run,action_words,en,0.3194053848498948,24.07839742894611,0.455416168982202,16.999620665345454
say,say,say,action_words,en,0.28287094101096355,27.78796228215064,0.31275053178506534,17.33932452611872
see,see,see,action_words,en,0.28611034677695235,23.7600293719382,0.2954258322468252,16.302306797801837
shake,shake,shake,action_words,en,0.2394970645466349,28.03189345515429,,
share,share,share,action_words,en,0.2802236275617715,27.025114952144317,,
show,show,show,action_words,en,0.2803512743747591,28.097730231880394,0.33253492939033724,17.0878208915738
sing,sing,sing,action_words,en,0.3017644013628713,25.125617384020774,0.2733935862243171,17.278791689962365
sit,sit,sit,action_words,en,0.2574904900759305,22.542902163864643,,
skate,skate,skate (action),action_words,en,0.26943963357818895,32.308287880195735,,
sleep,sleep,sleep,action_words,en,0.33874750920373886,23.275557404154274,0.30455497123882136,14.673383936124525
slide,slide (action),slide (action),action_words,en,0.2343980701793295,25.882627841001234,,
smile,smile,smile,action_words,en,0.28338890174737685,27.3121409157805,0.17207605407131701,18.429615526241285
spill,spill,spill,action_words,en,0.2783316464080756,27.67932844279371,,
splash,splash,splash,action_words,en,0.2590652977192006,26.468687461355657,0.26964960764470713,16.035304007512465
stand,stand,stand,action_words,en,0.2732113474739998,26.92906302087379,,
stay,stay,stay,action_words,en,0.2751060369453674,27.277562678883708,,
stop,stop,stop,action_words,en,0.3072034084172365,23.07922040556758,0.334280478088775,14.119008641948843
sweep,sweep,sweep,action_words,en,0.23633203856584273,27.898196553617943,,
swim,swim,swim,action_words,en,0.29424630834290727,25.36480063886601,0.26361544944152804,19.932716841038136
swing,swing (action),swing (action),action_words,en,0.25112611509078636,24.929173431303628,0.2952129556511169,17.478372955859783
take,take,take,action_words,en,0.3010916989587891,27.4977833126977,0.29998081904251234,18.689265107390156
talk,talk,talk,action_words,en,0.29137114695553246,26.82160750173304,,
taste,taste,taste,action_words,en,0.2617518746263354,29.156910976670115,,
tear,tear,tear,action_words,en,0.2594866443347967,31.55296172909855,,
think,think,think,action_words,en,0.2969068462196592,30.869311015990686,,
throw,throw,throw,action_words,en,0.2868201174071301,25.520261973583978,0.4134592486015383,14.469357560528293
tickle,tickle,tickle,action_words,en,0.245025382739553,24.434135074409745,0.2880422516735684,15.178039989605116
touch,touch,touch,action_words,en,0.2831085975641524,26.70202140351021,0.2942821649517788,16.786177251835472
wait,wait,wait,action_words,en,0.28704963417328894,26.558442083734256,0.3057851989995011,16.139109420131238
wake,wake,wake,action_words,en,0.28643986392888954,27.59498413051278,,
walk,walk,walk,action_words,en,0.27612407810744993,23.561322170622866,0.32534434824299224,14.154190153164402
wash,wash,wash,action_words,en,0.28206199939168697,24.633966399413065,0.35570949908748967,15.71702449989875
watch,watch (action),watch (action),action_words,en,0.28176167707671634,26.844823492770388,0.278617248156347,18.255841538716027
wipe,wipe,wipe,action_words,en,0.26322847532188626,26.664746154856015,0.3285856922429363,16.86901763452759
wish,wish,wish,action_words,en,0.28574357388307037,33.30447364370473,,
work,work (action),work (action),action_words,en,0.24901327014805777,26.729458321280656,,
write,write,write,action_words,en,0.25325890053074734,28.80309924971345,0.2561464820851718,22.436406211369704
all gone,all gone,all gone,descriptive_words,en,0.24903721877731766,19.836893779458467,0.3161739358075355,10.279543779533219
asleep,asleep,asleep,descriptive_words,en,0.2722800970490886,25.582770317446794,0.31114914341925737,17.661740760220518
awake,awake,awake,descriptive_words,en,0.28729943190996493,26.54406933604099,,
bad,bad,bad,descriptive_words,en,0.2559774788203694,25.940731861348958,0.19299355354913308,19.58796411524545
better,better,better,descriptive_words,en,0.2621990608278014,28.12065804109888,,
big,big,big,descriptive_words,en,0.32398419632560965,23.067302502434035,0.26177246097238155,18.824125322075012
black,black,black,descriptive_words,en,0.27337030698484194,26.312416998900307,,
blue,blue,blue,descriptive_words,en,0.3020419887364382,23.055058949742964,0.3715961056514551,20.297757951046673
broken,broken,broken,descriptive_words,en,0.3284947416034765,24.215948590861743,0.32502907904416767,20.00844098842641
brown,brown,brown,descriptive_words,en,0.2689826230505781,27.247770082480574,,
careful,careful,careful,descriptive_words,en,0.275238972686349,26.99864314569531,0.28091926672914636,14.93311107444433
clean,clean (description),clean (description),descriptive_words,en,0.29738500289796843,24.53128450586874,0.3228740041986759,18.259198118006616
cold,cold,cold,descriptive_words,en,0.3102155483929165,22.00380829168654,0.3336329881860001,16.74782673771043
cute,cute,cute,descriptive_words,en,0.24040241111072397,27.96458449456777,0.16948500739069508,23.743176988937453
dark,dark,dark,descriptive_words,en,0.2757764361339278,26.88391754495922,0.2581939757754523,22.365282978065196
dirty,dirty,dirty,descriptive_words,en,0.29519588873820507,23.22569616693661,0.3075200022783808,16.490140054840246
dry,dry (description),dry (description),descriptive_words,en,0.2721381292020537,27.49717585028628,0.26686359912040114,21.76497256559616
empty,empty,empty,descriptive_words,en,0.24881501599945738,27.159559351932582,0.26355243147213403,18.24509516261305
fast,fast,fast,descriptive_words,en,0.3011121664111284,26.154291090723767,0.35348208071526194,19.986913476003217
fine,fine,fine,descriptive_words,en,0.2532896625151026,31.63561830349376,0.1596506074735928,32.9464910946158
first,first,first,descriptive_words,en,0.29586491657023517,29.24965211752874,,
full,full,full,descriptive_words,en,0.2775324914073143,28.012367814708263,,
gentle,gentle,gentle,descriptive_words,en,0.21602323043009303,28.448284194841037,0.2881958387025287,15.253231960637041
good,good,good,descriptive_words,en,0.27472458218343276,24.790044486301916,0.2249591683832354,16.052323674129926
green,green,green,descriptive_words,en,0.27730917843593444,24.672538811622267,,
happy,happy,happy,descriptive_words,en,0.26746172653607436,24.330483129504298,0.22272483917289826,18.249612645447737
hard,hard,hard,descriptive_words,en,0.28570393595159393,28.64338317434799,0.1915064465289632,27.071304857687544
heavy,heavy,heavy,descriptive_words,en,0.2938765207933879,25.569061138226353,,
high,high,high,descriptive_words,en,0.2747676848259963,27.357075813044517,,
hot,hot,hot,descriptive_words,en,0.2613845749742976,19.33140268614463,0.40216743102921587,14.577161768036664
hungry,hungry,hungry,descriptive_words,en,0.29485924138634334,25.058340669717754,0.26175070247339854,14.922883823979845
hurt,hurt,hurt (description),descriptive_words,en,0.28694775736404915,25.545342277048192,0.31355057021887656,18.95136804336028
last,last,last,descriptive_words,en,0.2822754865028206,32.13534738743021,,
little,little (description),little (description),descriptive_words,en,0.3084741563688653,26.172885173713848,0.23449028682065048,22.46306957603619
long,long,long,descriptive_words,en,0.3156527644958874,30.202623063301463,,
loud,loud,loud,descriptive_words,en,0.29617569368970376,26.754294539512376,,
mad,mad,mad,descriptive_words,en,0.2852841599557527,28.82010533490921,,
naughty,naughty,naughty,descriptive_words,en,0.21742974479491542,33.81639622419612,0.15831415199424834,28.22427134990936
new,new,new,descriptive_words,en,0.26720363021170673,29.16544496880168,,
nice,nice,nice,descriptive_words,en,0.2424875528489675,26.349856376553788,0.21565937504845498,19.910612107937233
noisy,noisy,noisy,descriptive_words,en,0.25660097132992826,29.18416308099196,,
old,old,old,descriptive_words,en,0.2793799595847525,30.50090138500844,0.1221403410646454,39.984428111796035
orange,orange (description),orange (description),descriptive_words,en,0.28454372391309346,24.63979902684342,,
poor,poor,poor,descriptive_words,en,0.2586485478196511,34.458980704280705,,
pretty,pretty,pretty,descriptive_words,en,0.21354282967535107,26.5904721126316,0.19042385965611947,21.799529647345167
quiet,quiet,quiet,descriptive_words,en,0.27582226355539247,27.558199712572417,,
red,red,red,descriptive_words,en,0.30266698622737376,24.24951698334684,0.3211522816017896,21.746814164500265
sad,sad,sad,descriptive_words,en,0.27997747580298243,26.748453979339722,,
scared,scared,scared,descriptive_words,en,0.314844799236001,27.22442970006671,0.20585262761205778,25.804197946196968
sick,sick,sick,descriptive_words,en,0.2972807613729464,27.532381641992664,0.1688541264051106,27.917470170178188
sleepy,sleepy,sleepy,descriptive_words,en,0.2626309187401197,26.332049719125347,0.211330674152664,16.34888975887443
slow,slow,slow,descriptive_words,en,0.29838853039568564,28.98042026276249,,
soft,soft,soft,descriptive_words,en,0.2558212981621069,27.233697593076716,0.28309739179575816,18.894192530060657
sticky,sticky,sticky,descriptive_words,en,0.25696764071822553,27.446947709871964,,
stuck,stuck,stuck,descriptive_words,en,0.22919944172729875,27.010417907800957,,
thirsty,thirsty,thirsty,descriptive_words,en,0.2632028741081649,26.97324117135265,0.2523792877811807,16.939604288221467
tiny,tiny,tiny,descriptive_words,en,0.26428459165528234,31.084033793882885,,
tired,tired,tired,descriptive_words,en,0.2954967923404203,26.48244198386473,0.22447203212763206,17.20420658176373
wet,wet,wet (description),descriptive_words,en,0.3125179269896822,23.25376069180766,0.28328394876780355,17.642432127185774
white,white,white,descriptive_words,en,0.27624036887407477,26.941914722194586,,
windy,windy,windy,descriptive_words,en,0.2550559870316506,27.99552913782104,,
yellow,yellow,yellow,descriptive_words,en,0.2712133780562446,24.27285313169092,,
yucky,yucky,yucky,descriptive_words,en,0.2291551815521171,23.30678355046856,0.26080122706400866,15.760441365742437
after,after,after,time_words,en,0.27642279178468543,30.13478629658231,,
before,before,before,time_words,en,0.3006742813872286,31.92712500225951,,
day,day,day,time_words,en,0.2704945169609965,28.718576743697675,0.16410322354273263,27.632557361159037
later,later,later,time_words,en,0.26169567617100564,28.604079003791416,0.31413031070207614,21.023678577525367
morning,morning,morning,time_words,en,0.28228104615421695,27.0672937514909,0.14632914599610133,26.309551682048742
night,night,night,time_words,en,0.2650777885820677,24.949264517409503,0.1828519914818956,21.401315419765137
now,now,now,time_words,en,0.28550271585298365,26.19518503278534,0.2707971011560743,20.847377537098684
time,time,time,time_words,en,0.2569711701274104,31.98255964535758,,
today,today,today,time_words,en,0.2898460993463332,29.43627113329755,0.1272918318095287,35.74443603086099
tomorrow,tomorrow,tomorrow,time_words,en,0.2755608584634305,29.61621478561943,0.1098226169111483,40.143748658617035
tonight,tonight,tonight,time_words,en,0.26861217384815134,31.88715469507103,0.12351730897145531,36.67236961274364
yesterday,yesterday,yesterday,time_words,en,0.3054447375358845,32.60795176300749,,
he,he,3SG.POSS,pronouns,en,0.2973372947807616,28.68155760862213,0.2224661718073261,24.15411885595341
he,he,3SG.POSS,pronouns,en,0.2973372947807616,28.68155760862213,0.19827590636676176,25.17414335270973
her,her,3SG.POSS,pronouns,en,0.2806199956265079,30.436358293488997,0.2224661718073261,24.15411885595341
her,her,3SG.POSS,pronouns,en,0.2806199956265079,30.436358293488997,0.19827590636676176,25.17414335270973
hers,hers,3SG.POSS,pronouns,en,0.26446201036331585,32.533918622886084,0.2224661718073261,24.15411885595341
hers,hers,3SG.POSS,pronouns,en,0.26446201036331585,32.533918622886084,0.19827590636676176,25.17414335270973
him,him,3SG,pronouns,en,0.2819859096943313,30.798593875175644,0.2143108592443792,23.076977946662197
his,his,3SG.POSS,pronouns,en,0.2786527937845059,31.11476063549298,0.2224661718073261,24.15411885595341
his,his,3SG.POSS,pronouns,en,0.2786527937845059,31.11476063549298,0.19827590636676176,25.17414335270973
i,I,1SG,pronouns,en,0.26944237230107776,24.86342360925085,0.2276332977959658,21.799763568474127
i,I,1SG,pronouns,en,0.26944237230107776,24.86342360925085,0.26587665682286904,18.340403843296503
it,it,3SG,pronouns,en,0.25162575203707227,27.425983799663566,0.2143108592443792,23.076977946662197
me,me,1SG,pronouns,en,0.2647383241630895,22.759547604170137,0.2276332977959658,21.799763568474127
me,me,1SG,pronouns,en,0.2647383241630895,22.759547604170137,0.26587665682286904,18.340403843296503
mine,mine,1SG.POSS,pronouns,en,0.3000237438574397,20.773302459721293,0.26631715272979195,17.539676313365284
mine,mine,1SG.POSS,pronouns,en,0.3000237438574397,20.773302459721293,0.25364543024857,20.78048534050029
my,my,1SG.POSS,pronouns,en,0.2704160240853412,25.195385697236993,0.26631715272979195,17.539676313365284
my,my,1SG.POSS,pronouns,en,0.2704160240853412,25.195385697236993,0.25364543024857,20.78048534050029
myself,myself,1SG.REFL,pronouns,en,0.27009473904208964,31.622529726090317,,
our,our,1PL.POSS,pronouns,en,0.2667869958522345,32.95281383929057,,
she,she,3SG,pronouns,en,0.29496754889697824,29.482552806638317,0.2143108592443792,23.076977946662197
that,that,that,pronouns,en,0.19110440947806207,25.508196174234698,0.25127090770482796,18.741864868010087
their,their,3PL.POSS,pronouns,en,0.275826993326292,33.46474190329684,,
them,them,3PL,pronouns,en,0.2656904231763156,32.36087542167191,,
these,these,these,pronouns,en,0.23911183652066945,30.351462385612976,,
they,they,3PL,pronouns,en,0.31565200901666385,31.244993780069308,,
this,this,this,pronouns,en,0.1934574263502561,26.283228101690217,0.2589886310416626,19.138085960046663
those,those,those,pronouns,en,0.26841146530808513,31.601070205919473,,
us,us,1PL,pronouns,en,0.2791022919749375,33.012345268727394,,
we,we,1PL,pronouns,en,0.2837656601760771,30.525988455181736,,
you,you,2SG,pronouns,en,0.29620286571334264,24.44825871250601,0.2254358512882644,17.66430472659919
your,your,2SG.POSS,pronouns,en,0.29237195474793726,29.922045204955115,0.21713671400462115,20.80337072952668
yourself,yourself,2SG.REFL,pronouns,en,0.2865297028978092,34.74649678148597,,
how,how,how,question_words,en,0.2842487298170059,30.562991103494955,0.20344547126792875,26.533760754137262
what,what,what,question_words,en,0.2577920907686582,24.63041379797344,0.2462233099409271,18.320663428175276
when,when,when (question),question_words,en,0.3080351056857036,31.65301153136859,0.15542434958107973,33.17234975964717
where,where,where (question),question_words,en,0.2837235014303841,25.840633531070786,0.2445422995245457,16.13104102365923
which,which,which (question),question_words,en,0.2947802034240457,33.4989932045677,,
who,who,who,question_words,en,0.27231406436941924,28.908133122661752,0.24184591835081487,19.25066707302818
why,why,why,question_words,en,0.2669199417588377,27.924304247226573,0.17260079691004565,29.278842832209698
about,about,about,locations,en,0.30966163839874356,33.212533250025785,,
above,above,above,locations,en,0.2470145313060453,34.00055482314584,,
around,around,around,locations,en,0.26169371525596313,31.024940509938375,,
at,at,at,locations,en,0.2607884418825662,29.6560003024812,,
away,away,away,locations,en,0.26871631274466623,27.95926332312878,0.2545204384510798,21.387517321189176
back,back,back (location),locations,en,0.24219251858887614,27.45284638887846,0.2861306112060731,19.331019246785626
behind,behind,behind,locations,en,0.27970086679609757,29.843823709728817,,
beside,beside,beside,locations,en,0.254319673788154,33.75126604370553,,
by,by,by,locations,en,0.25106169237019327,30.512520963900293,,
down,down,down,locations,en,0.23652083624018283,21.266126435319524,0.33155062396851437,14.027894904303299
for,for,for,locations,en,0.30184833386402304,29.66279799899274,,
here,here,here,locations,en,0.26490056385384786,25.849745465738387,,
into,into,into,locations,en,0.27339380238991906,32.666840724764306,,
next to,next to,next to,locations,en,0.271801639295988,31.721022604326507,,
of,of,of,locations,en,0.2838189553711246,32.56052130118585,,
off,off,off,locations,en,0.2570982358930182,23.00767229740829,0.3469227236389146,15.598822771854142
on,on,on,locations,en,0.26809771989336195,23.050969763251445,0.35192926672149416,15.73683960381786
on top of,on top of,on top of,locations,en,0.2716575668587287,30.026789092723714,,
out,out,out,locations,en,0.22634517062427248,23.841255449185127,0.3263239605323959,16.112704149755025
over,over,over,locations,en,0.26919206090095815,28.694151117217977,,
there,there,there,locations,en,0.26258738886174066,26.220833798566897,0.2591218400070881,18.5188852709686
to,to,to,locations,en,0.2839307190361612,28.433632431489592,,
under,under,under,locations,en,0.2885576684074526,27.439075817593945,0.30422912976362054,17.80228528640818
up,up,up,locations,en,0.21275528586834605,20.345748560455075,0.29942664836510885,13.688302729917204
with,with,with,locations,en,0.2983395743758355,28.76836942914356,,
a,a,a,quantifiers,en,0.2394875510176342,27.849093439741686,,
all,all,all,quantifiers,en,0.2539824471996743,27.448464483414057,0.2565814153214502,21.495632301219946
a lot,a lot,a lot,quantifiers,en,0.28782228917748676,29.339103069379924,,
an,an,a,quantifiers,en,0.265002215953016,34.81159309608795,,
another,another,another,quantifiers,en,0.25938684343714724,29.482716162250686,0.24711067489844074,21.382966296585064
any,any,any,quantifiers,en,0.28143645646534843,31.1021491566013,,
each,each,each,quantifiers,en,0.25652407176504666,35.22357840911524,,
every,every,every,quantifiers,en,0.28889226251619504,32.36107897823054,,
more,more,more,quantifiers,en,0.22673047855239084,20.324899007192737,0.2914580996824556,12.80501957805488
much,much,much,quantifiers,en,0.25212992951552116,32.04169165223168,,
none,none,none,quantifiers,en,0.2368257622893766,31.433797237369706,0.2252292724342194,22.78166520362825
not,not,not,quantifiers,en,0.2639776840769246,29.118114375441287,0.2378054874585447,23.063437773673897
other,other,other,quantifiers,en,0.2517798768403869,30.489688371889496,0.2302261382634635,24.954804448234302
same,same,same,quantifiers,en,0.2785683665877251,30.738309825653364,0.22532677178759233,25.954300626033525
some,some,some,quantifiers,en,0.25946316918469287,27.742802549934833,0.20367683987095442,22.846117530419416
the,the,the,quantifiers,en,0.2699493055910826,28.4071689944077,,
too,too,too,quantifiers,en,0.26736958436952973,26.84029306561096,,
am,am,am,helping_verbs,en,0.2947980774310226,29.56820850496237,,
are,are,are,helping_verbs,en,0.29622263609030713,30.54370233833421,,
be,be,be,helping_verbs,en,0.2608472920994365,31.444338986400435,,
can,can (auxiliary),can (auxiliary),helping_verbs,en,0.29996985169744517,28.234295426454736,,
could,could,could,helping_verbs,en,0.2899266589619087,33.56214688000994,,
do,do,do,helping_verbs,en,0.24265786388855512,25.785225787776863,,
does,does,does,helping_verbs,en,0.2816238881493934,31.905576934026097,,
don't,don't,don't,helping_verbs,en,0.23853496573699448,27.267267236858924,0.27120894843007054,12.82042242729556
is,is,is,helping_verbs,en,0.2840181099815705,28.586509610888506,,
was,was,was,helping_verbs,en,0.30095350793632103,31.715284297159695,,
were,were,were,helping_verbs,en,0.2960251000849264,33.467041248793215,,
will,will,will,helping_verbs,en,0.30749863384309306,31.231800807133087,,
would,would,would,helping_verbs,en,0.2890278552955464,34.556714476005375,,
and,and,and,connecting_words,en,0.3009326069096809,27.422244050438408,,
because,because,because,connecting_words,en,0.297825870654259,30.980220738325304,,
but,but,but,connecting_words,en,0.2898242068345622,32.218542431284,,
if,if,if,connecting_words,en,0.28598647198182003,34.10138038724025,,
so,so,so,connecting_words,en,0.25479369240774935,32.54733950062182,,
then,then,then,connecting_words,en,0.2911979541813309,32.5252104387502,,
soda,soda/pop,soda,food_drink,en,0.1604026101578269,31.779164332889483,,
pop,soda/pop,soda,food_drink,en,0.1604026101578269,31.779164332889483,,
buttocks,buttocks/bottom*,butt,body_parts,en,0.26170768456510235,22.803595880562394,,
bottom,buttocks/bottom*,butt,body_parts,en,0.26170768456510235,22.803595880562394,,
owie,owie/boo boo,owie,body_parts,en,0.2614610300942862,20.31891342703633,0.3200101533177735,16.45991098013332
owie,owie/boo boo,owie,body_parts,en,0.2614610300942862,20.31891342703633,0.3200101533177735,16.45991098013332
boo boo,owie/boo boo,owie,body_parts,en,0.2614610300942862,20.31891342703633,0.3200101533177735,16.45991098013332
boo boo,owie/boo boo,owie,body_parts,en,0.2614610300942862,20.31891342703633,0.3200101533177735,16.45991098013332
tissue,tissue/kleenex,tissue,household,en,0.24843199112659783,25.727308770886445,,
kleenex,tissue/kleenex,tissue,household,en,0.24843199112659783,25.727308770886445,,
shh,shh/shush/hush,shh,games_routines,en,0.27092652460488337,19.503470418085993,0.21020583471285317,13.473108189897852
shh,shh/shush/hush,shh,games_routines,en,0.27092652460488337,19.503470418085993,0.21020583471285317,13.473108189897852
shh,shh/shush/hush,shh,games_routines,en,0.27092652460488337,19.503470418085993,0.21020583471285317,13.473108189897852
shush,shh/shush/hush,shh,games_routines,en,0.27092652460488337,19.503470418085993,0.21020583471285317,13.473108189897852
shush,shh/shush/hush,shh,games_routines,en,0.27092652460488337,19.503470418085993,0.21020583471285317,13.473108189897852
shush,shh/shush/hush,shh,games_routines,en,0.27092652460488337,19.503470418085993,0.21020583471285317,13.473108189897852
hush,shh/shush/hush,shh,games_routines,en,0.27092652460488337,19.503470418085993,0.21020583471285317,13.473108189897852
hush,shh/shush/hush,shh,games_routines,en,0.27092652460488337,19.503470418085993,0.21020583471285317,13.473108189897852
hush,shh/shush/hush,shh,games_routines,en,0.27092652460488337,19.503470418085993,0.21020583471285317,13.473108189897852
did,did/did ya,did,helping_verbs,en,0.26809549129268956,29.140670303542674,,
did ya,did/did ya,did,helping_verbs,en,0.26809549129268956,29.140670303542674,,
gonna,gonna/going to,gonna,helping_verbs,en,0.2696829355806107,28.51080334455079,,
going to,gonna/going to,gonna,helping_verbs,en,0.2696829355806107,28.51080334455079,,
gotta,gotta/got to,gotta,helping_verbs,en,0.24814829157165363,32.02061735578557,,
got to,gotta/got to,gotta,helping_verbs,en,0.24814829157165363,32.02061735578557,,
hafta,hafta/have to,have to,helping_verbs,en,0.2964266179191211,30.010176348180803,,
have to,hafta/have to,have to,helping_verbs,en,0.2964266179191211,30.010176348180803,,
lemme,lemme/let me,lemme,helping_verbs,en,0.2854440495480755,27.378472501434715,,
let me,lemme/let me,lemme,helping_verbs,en,0.2854440495480755,27.378472501434715,,
need,need/need to,need,helping_verbs,en,0.2829982460833531,28.563969230690667,,
need to,need/need to,need,helping_verbs,en,0.2829982460833531,28.563969230690667,,
try,try/try to,try,helping_verbs,en,0.26340902822827167,28.853358300219426,,
try to,try/try to,try,helping_verbs,en,0.26340902822827167,28.853358300219426,,
wanna,wanna/want to,wanna,helping_verbs,en,0.2877272319619471,25.543577441961222,0.2749087548520833,16.713007429001944
wanna,wanna/want to,wanna,helping_verbs,en,0.2877272319619471,25.543577441961222,0.2749087548520833,16.713007429001944
want to,wanna/want to,wanna,helping_verbs,en,0.2877272319619471,25.543577441961222,0.2749087548520833,16.713007429001944
want to,wanna/want to,wanna,helping_verbs,en,0.2877272319619471,25.543577441961222,0.2749087548520833,16.713007429001944
inside,inside,inside,locations,en,0.28156097454761275,24.857012236093908,0.3281412013683598,17.088950296392113
in,inside,inside,locations,en,0.25284622216237845,24.818291844558708,0.3281412013683598,17.088950296392113
inside,in,in,locations,en,0.25284622216237845,24.818291844558708,0.3312440728833571,15.885612500769934
in,in,in,locations,en,0.27253486744917993,24.84015454350568,0.3312440728833571,15.885612500769934
child's own name,child's own name,child's own name,people,en,0.2854692050290213,20.539228423862728,0.18669809219220437,4.720991812058379
